timeline_s,dt_s,gpu_energy_delta_j_mean,gpu_energy_delta_j_std,inferred_energy_per_step_j,inferred_energy_per_step_j_std,num_samples
0.0,0.0,0.0,0.0,0.0,0.0,3
0.5,0.5,130.22,1.645504,143.63552484,1.815027113088,3
1.0,0.5,118.679333,11.497874,130.905915244326,12.682407975228,3
2.0,1.0,244.446333,9.925019,134.814841559163,5.473757153709,3
2.5,0.5,133.135,0.466983,146.85083397,0.5150925226259999,3
3.5,1.0,111.690333,1.975711,61.598447243162994,1.0896263493209999,3
4.0,0.5,125.123,9.78082,138.013421706,10.788459638039999,3
5.0,1.0,236.278333,7.414104,130.310099711163,4.088959911144,3
5.5,0.5,134.613333,2.507382,148.48146779232601,2.765697508404,3
6.0,0.5,120.548333,8.919877,132.967463362326,9.838820568293999,3
6.5,0.5,127.732667,9.952585,140.891941819674,10.977920211869998,3
7.5,1.0,243.045667,10.480505,134.042358852837,5.780113793055,3
8.0,0.5,119.925667,9.280964,132.280649065674,10.237107473208,3
8.5,0.5,126.16,10.26834,139.15725551999998,11.326204923479999,3
9.0,0.5,132.315,0.0,145.94635592999998,0.0,1
9.5,0.5,114.642,0.989,126.45264812399999,1.090888758,2
10.5,1.0,243.105667,10.218246,134.075449512837,5.635475069706,3
11.0,0.5,133.231667,0.840552,146.95745979767398,0.9271473481439999,3
11.5,0.5,114.885667,1.195598,126.721418185674,1.318770897156,3
12.0,0.5,120.024667,10.259617,132.38984824367398,11.316583262574,3
13.0,1.0,242.910667,11.289483,133.96790486783698,6.226274058813,3
13.5,0.5,133.452333,1.232241,147.200859250326,1.3591889323019999,3
14.0,0.5,112.847667,1.895272,124.473459349674,2.090526711984,3
14.5,0.5,134.904333,0.115989,148.802447194326,0.127938418758,3
15.5,1.0,232.117,0.0,128.015078787,0.0,1
16.0,0.5,248.7765,0.2825,274.405952583,0.31160371499999995,2
16.5,0.5,123.797333,10.238733,136.551181840326,11.293547751125999,3
17.0,0.5,135.149333,1.196877,149.07268758432602,1.320181662294,3
17.5,0.5,115.741333,1.55272,127.665236608326,1.7126843198400001,3
18.5,1.0,249.916667,0.424299,137.831790933837,0.23400556578899998,3
19.0,0.5,118.433333,9.671929,130.634571832326,10.668350469438,3
19.5,0.5,129.005667,10.469703,142.296088825674,11.548312742466,3
20.0,0.5,114.031333,1.396469,125.779068988326,1.540336029318,3
21.0,1.0,252.138,0.0,139.05688051799999,0.0,1
21.5,0.5,212.825,56.522671,234.75065714999997,62.345749611762,3
22.0,0.5,131.8825,0.1665,145.469298915,0.183653163,2
22.5,0.5,113.309,3.134919,124.98231979799999,3.457884625218,3
23.0,0.5,118.607,9.628465,130.826130354,10.62040872123,3
24.0,1.0,251.311,1.651676,138.600780921,0.9109174824359999,3
24.5,0.5,126.789667,9.753149,139.85179207367398,10.757937916278,3
25.0,0.5,120.623,10.835401,133.049822706,11.951685681822,3
25.5,0.5,127.780667,9.373056,140.94488687567397,10.338686975232,3
26.5,1.0,244.256333,9.77108,134.710054469163,5.3888581018799995,3
27.0,0.5,138.499,0.0,152.767443978,0.0,1
27.5,0.5,126.553333,10.601387,139.591110472326,11.693563091514001,3
28.0,0.5,122.030333,10.07096,134.602141966326,11.108490441119999,3
28.5,0.5,125.1095,8.6635,137.99853090899998,9.556031097,2
29.5,1.0,248.942,2.541536,137.294251362,1.4016850608959999,3
30.0,0.5,118.885667,10.117511,131.13350618567398,11.159837218242,3
30.5,0.5,128.233333,9.434245,141.44418743232598,10.40617978839,3
31.0,0.5,120.838,10.304819,133.28697243599999,11.366442063017999,3
32.0,1.0,244.718333,10.059743,134.964852551163,5.548058921672999,3
32.5,0.5,133.534,0.0,147.29093974799997,0.0,1
33.0,0.5,129.983333,9.039385,143.374475932326,9.97064052147,3
33.5,0.5,127.94,8.675131,141.12063468,9.568860345882,3
34.0,0.5,125.2295,8.0845,138.130893549,8.917381359,2
35.0,1.0,237.755,9.657598,131.124497805,5.3262715305779995,3
35.5,0.5,128.772333,12.230194,142.038716290326,13.490173046267998,3
36.0,0.5,133.545,2.847063,147.30307298999998,3.1403731243859996,3
36.5,0.5,113.437333,2.52175,125.12387392032599,2.7815457285,3
37.5,1.0,251.2885,2.7855,138.5883719235,1.5362338905,2
38.0,0.5,163.847333,59.36407,180.72721294032598,65.47987521953999,3
38.5,0.5,134.357,0.357,148.198726854,0.39377885399999996,2
39.0,0.5,113.891333,1.222435,125.624645908326,1.34837269857,3
39.5,0.5,136.4715,0.3875,150.531066873,0.427421025,2
40.0,0.5,253.686,0.0,279.821239092,0.0,1
40.5,0.5,241.365,10.281,266.23090503,11.340169182,2
41.0,0.5,126.891333,10.107649,139.963931908326,11.148959215278,3
41.5,0.5,121.031,11.127609,133.499855682,12.273997534398,3
42.0,0.5,128.060333,9.716062,141.253364626326,10.717030139364,3
43.0,1.0,240.314,10.069,132.535814454,5.553164259,2
43.5,0.5,167.282333,61.67342,184.516093510326,68.02713907524,3
44.0,0.5,126.137667,9.547727,139.13262172967399,10.531352930994,3
44.5,0.5,123.7015,11.2805,136.44547593299998,12.442639671,2
45.0,0.5,126.6115,10.0045,139.655269953,11.035183599,2
45.5,0.5,229.619,0.0,253.27480861799998,0.0,1
46.0,0.5,254.172,1.133,280.357307784,1.249723926,2
46.5,0.5,127.320667,10.469377,140.437496755674,11.547953157294,3
47.0,0.5,128.378667,9.732098,141.604494031674,10.734718200156,3
47.5,0.5,122.751,9.890732,135.397053522,10.909694992103999,3
48.5,1.0,241.9375,10.6245,133.4311925625,5.8595286195,2
49.0,0.5,174.128667,53.869269,192.067750531674,59.418988830918,3
49.5,0.5,126.909,8.433317,139.983418998,9.302134183974001,3
50.0,0.5,112.7895,1.2195,124.409299869,1.3451353289999999,2
50.5,0.5,126.1565,9.2025,139.153394943,10.150559955,2
51.0,0.5,252.009,0.0,277.97147119799996,0.0,1
51.5,0.5,210.608,54.951361,232.305257376,60.61256011294199,3
52.0,0.5,133.5095,0.4905,147.263915709,0.5410322909999999,2
52.5,0.5,115.874,2.009482,127.81157122799999,2.216502854604,3
53.0,0.5,127.354667,10.404563,140.474999503674,11.476461889385998,3
54.0,1.0,250.878,1.116,138.36197665799997,0.615486276,2
54.5,0.5,160.477667,51.762544,177.01039720967398,57.095224807967995,3
55.0,0.5,129.01,11.40421,142.30086821999998,12.57909452262,3
55.5,0.5,128.970667,10.75352,142.257483055674,11.861369137439999,3
56.0,0.5,116.239,0.0,128.21417425799999,0.0,1
56.5,0.5,251.816,0.0,277.75858795199997,0.0,1
57.0,0.5,213.450667,56.141296,235.440781615674,61.925084596511994,3
57.5,0.5,132.3985,2.6145,146.038458267,2.8838510189999997,2
58.0,0.5,116.084,1.78617,128.04320584799999,1.97018480574,3
58.5,0.5,134.004,0.974155,147.80936008799998,1.07451439641,3
59.5,1.0,240.661,10.698,132.727188771,5.900064678,2
60.0,0.5,168.456333,62.278906,185.811041338326,68.695003453932,3
60.5,0.5,128.372,10.42903,141.597140184,11.50344952866,3
61.0,0.5,123.971,12.885,136.742740362,14.212438469999999,2
61.5,0.5,113.7075,1.6685,125.42187406499998,1.840392207,2
62.0,0.5,245.683,0.0,270.993754026,0.0,1
62.5,0.5,252.752,0.581,278.791016544,0.6408557819999999,2
63.0,0.5,135.665,2.703033,149.64147963,2.981504865726,3
63.5,0.5,119.994,8.970837,132.356021868,9.895030569413999,3
64.0,0.5,127.767667,9.916005,140.930547589674,10.93757166711,3
65.0,1.0,254.177,1.582,140.181411447,0.8724904019999999,2
65.5,0.5,166.434,58.574559,183.58036354799998,64.60902721729799,3
66.0,0.5,127.355667,10.459655,140.47610252567398,11.537229577409999,3
66.5,0.5,123.829,12.868,136.58611123799997,14.193687096,2
67.0,0.5,125.905,10.411,138.87598491,11.483562041999999,2
67.5,0.5,254.555,0.0,280.77976521,0.0,1
68.0,0.5,252.844,3.082,278.89249456799996,3.3995138039999997,2
68.5,0.5,126.389333,9.541251,139.41021486432598,10.524209760522,3
69.0,0.5,126.052,9.884,139.038129144,10.902269448,2
69.5,0.5,121.296667,8.760465,133.792892227674,9.66298562523,3
70.0,0.5,134.052,0.0,147.86230514399998,0.0,1
70.5,0.5,243.1305,12.7065,268.178290371,14.015549043,2
71.0,0.5,175.613333,55.286995,193.705369792326,60.98277179888999,3
71.5,0.5,120.925333,9.373016,133.38330265632598,10.338642854351999,3
72.0,0.5,135.889,0.308,149.888556558,0.33973077599999996,2
72.5,0.5,115.5845,1.4615,127.492246359,1.6120666529999998,2
73.0,0.5,228.758,0.0,252.325106676,0.0,1
73.5,0.5,213.464333,52.918233,235.455855514326,58.369975200126,3
74.0,0.5,136.415,3.246,150.46874612999997,3.580409412,2
74.5,0.5,126.5305,9.6505,139.565925171,10.644713810999999,2
75.0,0.5,121.714,11.435583,134.253219708,12.613699631825998,3
75.5,0.5,115.939,0.0,127.88326765799998,0.0,1
76.0,0.5,248.9895,0.5815,274.640896269,0.641407293,2
76.5,0.5,174.337333,58.965534,192.297913720326,65.040281243748,3
77.0,0.5,121.192333,10.325075,133.677809530326,11.38878487665,3
77.5,0.5,114.2065,1.0895,125.972282043,1.2017424689999998,2
78.0,0.5,134.62,0.174,148.48882164,0.19192582799999997,2
78.5,0.5,254.619,0.0,280.850358618,0.0,1
79.0,0.5,212.712667,56.307483,234.626751379674,62.108392513625994,3
79.5,0.5,110.173,0.0,121.523242806,0.0,1
80.0,0.5,120.399,10.773969,132.802745778,11.883924834317998,3
80.5,0.5,127.456333,11.005735,140.58713933832598,12.139567831169998,3
81.0,0.5,133.138,0.0,146.854143036,0.0,1
81.5,0.5,244.0485,10.3925,269.19086456699995,11.463156135,2
82.0,0.5,174.352333,54.522152,192.31445905032598,60.139133143344,3
82.5,0.5,119.576,11.659829,131.89495867199997,12.861047903238,3
83.0,0.5,127.686,11.574659,140.840467092,12.767103519498,3
83.5,0.5,132.593,0.0,146.252996046,0.0,1
84.0,0.5,253.529,0.0,279.648064638,0.0,1
84.5,0.5,192.3115,59.7235,212.123815353,65.876334417,2
85.0,0.5,161.948,64.844287,178.632206856,71.52467513531398,3
85.5,0.5,125.1,11.852,137.9880522,13.073016744,2
86.0,0.5,129.536,9.440979,142.881057792,10.413607538538,3
86.5,0.5,130.025,0.0,143.42043555,0.0,1
87.0,0.5,239.509,10.918,264.18369619799995,12.042794196,2
87.5,0.5,173.785333,54.490545,191.689045576326,60.10426992698999,3
88.0,0.5,120.583,11.380477,133.00570182599998,12.552916501494,3
88.5,0.5,128.357,9.418667,141.580594854,10.388996911673999,3
89.5,1.0,190.283,56.505,104.94316761299999,31.163129055,2
90.0,0.5,194.477,60.904,214.512409494,67.178451888,2
90.5,0.5,159.380333,65.323573,175.800013666326,72.05333813760599,3
91.0,0.5,122.3975,10.0665,135.007135245,11.103570963,2
91.5,0.5,127.553667,9.177017,140.694500881674,10.122451645374,3
92.0,0.5,136.696,0.0,150.778695312,0.0,1
92.5,0.5,243.497,10.088,268.582547934,11.127285935999998,2
93.0,0.5,167.485,45.252504,184.73963967,49.914507467088,3
93.5,0.5,125.0725,8.8865,137.957719095,9.802005003,2
94.0,0.5,128.158667,10.090412,141.361829191674,11.129946425064,3
94.5,0.5,137.369,0.0,151.521029118,0.0,1
95.0,0.5,183.605,70.776,202.52035431,78.067485072,2
95.5,0.5,182.678,49.276,201.497852916,54.352512072,2
96.0,0.5,168.671667,60.801093,186.04855947767402,67.064943203046,3
96.5,0.5,136.671,0.568,150.75111976199997,0.6265164959999999,2
97.0,0.5,128.677667,9.168336,141.93429760967402,10.112876311392,3
97.5,0.5,117.6,0.0,129.71538719999998,0.0,1
98.0,0.5,238.587,10.858,263.16670991399997,11.976612876,2
98.5,0.5,175.246667,55.699067,193.30092912767398,61.437296280473994,3
99.0,0.5,124.214,9.511,137.01077470799999,10.490842242,2
99.5,0.5,129.196,7.922397,142.50603031199998,8.738578183733999,3
100.0,0.5,117.01,0.0,129.06460422,0.0,1
100.5,0.5,195.1505,59.9285,215.25529481099997,66.102453927,2
101.0,0.5,181.942,49.188,200.686028724,54.255446136,2
101.5,0.5,168.836,62.188623,186.22982239200002,68.59541931870599,3
102.0,0.5,123.902,11.845,136.666631844,13.06529559,2
102.5,0.5,129.255667,9.446253,142.571844325674,10.419424876566,3
103.0,0.5,114.348,0.0,126.12835965599999,0.0,1
103.5,0.5,243.0655,13.2195,268.10659394099997,14.581399329,2
104.0,0.5,134.9995,1.4475,148.907418489,1.596624345,2
104.5,0.5,166.823333,60.163883,184.009806412326,66.362086554426,3
105.0,0.5,130.584667,10.970302,144.037760563674,12.100484452644,3
105.5,0.5,137.205,0.0,151.34013351000002,0.0,1
106.0,0.5,183.6445,67.6745,202.56392367899997,74.646462339,2
106.5,0.5,191.89,59.915,211.65889158,66.08756312999999,2
107.0,0.5,162.354,64.464183,179.080033788,71.105412061026,3
107.5,0.5,136.37,0.628,150.41911014,0.692697816,2
108.0,0.5,120.963667,8.745483,133.425585901674,9.646460149626,3
108.5,0.5,114.338,0.0,126.11732943599999,0.0,1
109.0,0.5,254.631,1.41,280.863594882,1.5552610199999999,2
109.5,0.5,131.273,1.742,144.797007006,1.921464324,2
110.0,0.5,160.240333,64.627725,176.74861258632598,71.28580248495,3
110.5,0.5,135.801667,0.893706,149.792226337674,0.985777379532,3
111.0,0.5,135.108,0.0,149.027096376,0.0,1
111.5,0.5,183.7505,69.6175,202.68084401099998,76.789634085,2
112.0,0.5,181.71,65.325,200.43012762,72.05491214999999,2
112.5,0.5,173.898333,54.348079,191.813687062326,59.947126794738,3
113.0,0.5,123.061333,10.490192,135.739357648326,11.570912560224,3
113.5,0.5,134.495,0.0,148.35094389,0.0,1
114.0,0.5,134.778,0.0,148.66309911599998,0.0,1
114.5,0.5,206.351667,65.224676,227.610428437674,71.944252570872,3
115.0,0.5,131.7985,0.5795,145.37664506699997,0.639201249,2
115.5,0.5,185.714,70.074,204.846627708,77.29316362799999,2
116.0,0.5,128.23,8.908516,141.44051105999998,9.826289135352,3
116.5,0.5,135.405,1.654,149.35469390999998,1.8243983879999999,2
117.0,0.5,172.3585,57.7285,190.11521738699997,63.675805526999994,2
117.5,0.5,185.84,46.732,204.98560848,51.546424103999996,2
118.0,0.5,174.522333,52.834677,192.501972790326,58.277811093893995,3
118.5,0.5,123.9685,12.9515,136.739982807,14.285789432999998,2
119.0,0.5,125.793,11.755,138.752446446,12.96602361,2
119.5,0.5,135.173,0.0,149.098792806,0.0,1
120.0,0.5,205.092,63.97351,226.220988024,70.56418894721999,3
120.5,0.5,134.0935,1.3015,147.908080557,1.435583133,2
121.0,0.5,189.6565,59.3675,209.19529194299997,65.483658585,2
121.5,0.5,122.972333,10.087886,135.641188690326,11.127160191491999,3
122.0,0.5,134.769,0.28,148.653171918,0.30884616000000004,2
122.5,0.5,183.5845,66.6965,202.49774235899997,73.567706823,2
123.0,0.5,192.1185,58.1525,211.910932107,64.143486855,2
123.5,0.5,114.3895,1.1975,126.17413506899999,1.320868845,2
124.0,0.5,192.8105,58.1905,212.67422333099998,64.185401691,2
124.5,0.5,133.733333,2.784963,147.51080843232597,3.0718754581859997,3
125.0,0.5,135.037,0.0,148.948781814,0.0,1
125.5,0.5,198.388667,57.670342,218.827064251674,63.611655973523995,3
126.0,0.5,135.732,0.0,149.71538210399999,0.0,1
126.5,0.5,165.955333,59.059973,183.052383316326,65.144449538406,3
127.0,0.5,129.121667,9.822499,142.424039377674,10.834432491978,3
127.5,0.5,134.884,0.0,148.780019448,0.0,1
128.0,0.5,191.427,56.591,211.14819239399998,62.421118002,2
128.5,0.5,165.492333,58.37978,182.541684130326,64.39418169515999,3
129.0,0.5,112.8055,1.1365,124.42694822099999,1.253584503,2
129.5,0.5,192.026,57.282,211.808902572,63.18330620399999,2
130.0,0.5,133.442667,2.25364,147.190197439674,2.4858145000799996,3
130.5,0.5,135.029,0.0,148.93995763799998,0.0,1
131.0,0.5,185.0135,70.6575,204.07396079699998,77.93677696499999,2
131.5,0.5,183.6235,65.3735,202.54076021699998,72.108408717,2
132.0,0.5,168.300333,61.46867,185.638969906326,67.80129532074,3
132.5,0.5,126.2025,8.5425,139.204133955,9.422565435,2
133.0,0.5,133.2835,1.1055,147.014632737,1.219390821,2
133.5,0.5,193.2475,59.6985,213.156243945,65.848758867,2
134.0,0.5,158.579667,49.850011,174.916861453674,54.985658833242,3
134.5,0.5,126.4485,10.5425,139.475477367,11.628609435,2
135.0,0.5,192.021,56.241,211.80338746199996,62.035060302,2
135.5,0.5,135.6435,1.7995,149.61776465699998,1.984888089,2
136.0,0.5,125.276,9.605,138.18218407199998,10.59452631,2
136.5,0.5,175.9505,58.8855,194.077272411,64.952001981,2
137.0,0.5,196.752,58.523,217.021784544,64.552156506,2
137.5,0.5,132.9435,1.0945,146.639605257,1.207257579,2
138.0,0.5,160.217667,64.543305,176.723611489674,71.19268536771,3
138.5,0.5,136.611,0.614,150.68493844199998,0.677255508,2
139.0,0.5,191.309,56.298,211.018035798,62.097932555999996,2
139.5,0.5,160.628,50.890851,177.17621781599996,56.133728251722,3
140.0,0.5,137.196,0.0,151.330206312,0.0,1
140.5,0.5,173.938333,57.663369,191.857807942326,63.603964601118,3
141.0,0.5,124.985,9.023,137.86120467,9.952567506,2
141.5,0.5,113.477,0.0,125.167627494,0.0,1
142.0,0.5,191.547,58.544,211.28055503399997,64.57531996799999,2
142.5,0.5,168.675,61.830576,186.05223585000002,68.200485600672,3
143.0,0.5,123.8125,11.2305,136.567911375,12.387488570999999,2
143.5,0.5,167.861,59.539801,185.15437594199997,65.67371037862199,3
144.0,0.5,136.9005,0.6915,151.004263311,0.762739713,2
144.5,0.5,182.0385,47.2235,200.79247034699998,52.088559417,2
145.0,0.5,168.444333,61.180621,185.797805074326,67.483570936662,3
145.5,0.5,116.978,0.0,129.029307516,0.0,1
146.0,0.5,174.748,54.452513,192.75088845599998,60.062319794286,3
146.5,0.5,117.581,0.0,129.694429782,0.0,1
147.0,0.5,126.1405,11.4015,139.135746591,12.576105333,2
147.5,0.5,194.4565,59.7895,214.489797543,65.949133869,2
148.0,0.5,167.898,61.582434,185.195187756,67.92677951554799,3
148.5,0.5,123.7555,11.2635,136.50503912099998,12.423888297,2
149.0,0.5,167.349,59.987567,184.58962867799997,66.167606127474,3
149.5,0.5,136.5685,0.6315,150.638060007,0.6965583929999999,2
150.0,0.5,191.9715,57.0865,211.74878787299997,62.967665403,2
150.5,0.5,172.9485,58.6275,190.76600036699998,64.66742230499999,2
151.0,0.5,135.104,1.513,149.022684288,1.6688722859999998,2
151.5,0.5,124.654,11.021,137.496104388,12.156405462,2
152.0,0.5,168.075,60.133295,185.39042264999998,66.32834731749,3
152.5,0.5,137.171,0.0,151.30263076199998,0.0,1
153.0,0.5,183.031,48.084,201.887219682,53.037709848,2
153.5,0.5,168.867333,61.77838,186.264383380326,68.14291226435999,3
154.0,0.5,133.959,0.017,147.759724098,0.018751374,2
154.5,0.5,160.284,63.02441,176.79677824799998,69.51731076702,3
155.0,0.5,135.6975,0.1735,149.67732784499998,0.191374317,2
155.5,0.5,254.214,0.0,280.40363470799997,0.0,1
156.0,0.5,194.379,59.183,214.40431333799998,65.280151026,2
156.5,0.5,120.924333,9.46947,133.38219963432599,10.44503373834,3
157.0,0.5,124.558,8.99,137.390214276,9.91616778,2
157.5,0.5,194.42,61.056,214.44953723999998,67.346111232,2
158.0,0.5,123.693,10.773,136.436100246,11.882856005999999,2
158.5,0.5,194.135,60.49,214.13517596999998,66.72180078,2
159.0,0.5,164.406333,58.924735,181.343802238326,64.99527904917,3
159.5,0.5,127.647,11.472,140.797449234,12.653868383999999,2
160.0,0.5,171.281333,54.616918,188.92707848832598,60.24366212619599,3
160.5,0.5,114.097,0.0,125.85150113399999,0.0,1
161.0,0.5,137.48,0.0,151.64346455999998,0.0,1
161.5,0.5,210.108,53.221131,231.75374637599998,58.704078357882,3
162.0,0.5,123.596333,10.91476,136.329474418326,12.039220404719998,3
162.5,0.5,137.188,0.0,151.32138213599998,0.0,1
163.0,0.5,167.525667,59.136849,184.784496265674,65.22924545767799,3
163.5,0.5,124.9475,11.0125,137.819841345,12.147029774999998,2
164.0,0.5,194.504,59.776,214.54219108799998,65.934243072,2
164.5,0.5,167.733667,61.118289,185.013924841674,67.41481736935799,3
165.0,0.5,125.079,9.288,137.96488873799998,10.244868336,2
165.5,0.5,123.324,12.064,136.029085128,13.306857407999999,2
166.0,0.5,194.7555,57.2645,214.819601121,63.164003318999995,2
166.5,0.5,186.81,49.226,206.05553981999998,54.297360972,2
167.0,0.5,193.7435,58.5425,213.703342857,64.573665435,2
167.5,0.5,127.002,12.773,140.086000044,14.088900006,2
168.0,0.5,122.984,13.22,135.654057648,14.58195084,2
168.5,0.5,165.959333,61.591683,183.05679540432598,67.936981366026,3
169.0,0.5,124.8195,12.5715,137.678654529,13.866641073,2
169.5,0.5,252.614,0.0,278.638799508,0.0,1
170.0,0.5,173.361667,54.448882,191.221732657674,60.058314721403995,3
170.5,0.5,122.361,10.014885,134.966874942,11.04663848247,3
171.0,0.5,122.992,10.459,135.662881824,11.536507098,2
171.5,0.5,192.295,57.028,212.10561548999996,62.90313861599999,2
172.0,0.5,185.7825,48.2905,204.922184715,53.265483891,2
172.5,0.5,192.834,58.172,212.70014434799998,64.164995784,2
173.0,0.5,126.9795,10.0495,140.061182049,11.084819589,2
173.5,0.5,132.285,1.494,145.91326526999998,1.647914868,2
174.0,0.5,160.155667,63.875085,176.65522412567398,70.45562400687,3
174.5,0.5,136.319,0.0,150.36285601799997,0.0,1
175.0,0.5,196.7685,59.3015,217.03998440699996,65.41085913299999,2
175.5,0.5,175.429667,56.901993,193.502782153674,62.764150122846,3
176.0,0.5,116.147667,1.073446,128.11343194967398,1.1840345538119998,3
176.5,0.5,134.337,0.085,148.17666641399998,0.09375687,2
177.0,0.5,183.003,65.066,201.85633506599999,71.769229452,2
177.5,0.5,184.7805,47.7185,203.81695667099999,52.634555307,2
178.0,0.5,194.8495,59.8305,214.92328518899998,65.994357771,2
178.5,0.5,125.1055,10.7355,137.994118821,11.841492681,2
179.0,0.5,124.626,10.982,137.465219772,12.113387603999998,2
179.5,0.5,127.226,9.707,140.333076972,10.707034554,2
180.0,0.5,195.5055,59.4785,215.646867621,65.606094027,2
180.5,0.5,193.856,59.024,213.82743283199997,65.104770528,2
181.0,0.5,166.458,60.776068,183.60683607599998,67.037340077496,3
181.5,0.5,122.804333,10.544736,135.45588099432598,11.631075792192,3
182.0,0.5,124.2905,10.7685,137.095155891,11.877892407,2
182.5,0.5,191.4535,58.7015,211.177422477,64.749045933,2
183.0,0.5,196.8495,59.6925,217.129329189,65.842140735,2
184.0,1.0,167.469333,46.171078,92.361179312163,25.463857398858,3
184.5,0.5,122.945333,9.2118,135.611407096326,10.1608180596,3
185.0,0.5,133.7545,0.0205,147.534156099,0.022611950999999998,2
185.5,0.5,183.939,66.609,202.888763658,73.47119239799999,2
186.0,0.5,184.968,47.322,204.02377329599997,52.197207084,2
186.5,0.5,174.287,54.104531,192.242395314,59.678487992682,3
187.0,0.5,128.476,9.949908,141.711854472,10.974967421976,3
187.5,0.5,117.6555,1.5395,129.776604921,1.6981023690000001,2
188.0,0.5,192.8515,58.8225,212.71944723299998,64.882511595,2
188.5,0.5,256.219,0.0,282.61519381799997,0.0,1
189.0,0.5,137.483,0.0,151.646773626,0.0,1
189.5,0.5,167.194,46.361932,184.41866026799997,51.138230958504,3
190.0,0.5,123.778667,9.187577,136.530592831674,10.134099557693999,3
190.5,0.5,136.0475,0.3305,150.06338554500002,0.364548771,2
191.0,0.5,180.45,67.727,199.0403199,74.704370994,2
191.5,0.5,184.4105,46.8355,203.40883853100001,51.660586881,2
192.0,0.5,174.718667,54.224796,192.718533511674,59.811142933511995,3
192.5,0.5,127.967667,9.671089,141.151151989674,10.667423930958,3
193.0,0.5,116.3705,0.4745,128.359221651,0.5233839389999999,2
193.5,0.5,112.626,0.0,124.228955772,0.0,1
194.0,0.5,251.217,0.921,277.097877774,1.015883262,2
194.5,0.5,137.622,0.0,151.80009368400002,0.0,1
195.0,0.5,172.404333,53.614207,190.165772194326,59.137649833554,3
195.5,0.5,122.295333,10.209498,134.894442796326,11.261300902956,3
196.0,0.5,133.385,2.165,147.12658946999997,2.3880426299999997,2
196.5,0.5,184.4615,67.6735,203.465092653,74.645359317,2
197.0,0.5,184.5945,47.0565,203.611794579,51.904354743,2
197.5,0.5,194.75,57.627,214.8135345,63.563848794,2
198.0,0.5,133.513333,1.451771,147.26814359232597,1.601335351962,3
198.5,0.5,115.729,1.318952,127.651633038,1.4548330729439998,3
199.0,0.5,134.793,0.0,148.679644446,0.0,1
199.5,0.5,251.3915,2.3605,277.290355113,2.603683431,2
200.0,0.5,124.7835,12.5835,137.638945737,13.879877337,2
200.5,0.5,185.442,46.91,204.546605724,51.742762019999994,2
201.0,0.5,129.837667,9.21704,143.213803129674,10.16659789488,3
201.5,0.5,125.2655,8.4705,138.170602341,9.343147851,2
202.0,0.5,183.3355,67.1585,202.223089881,74.077302987,2
202.5,0.5,258.149,0.0,284.744026278,0.0,1
203.0,0.5,173.591667,54.094175,191.475427717674,59.667065096849996,3
203.5,0.5,128.738667,8.213649,142.00158195167398,9.059835547278,3
204.0,0.5,122.178333,9.020057,134.76538922232598,9.949321312254,3
204.5,0.5,112.232,0.0,123.794365104,0.0,1
205.0,0.5,241.0745,10.3645,265.91047713899997,11.432271518999999,2
205.5,0.5,138.051,0.441,152.273290122,0.486432702,2
206.0,0.5,191.05,56.32,210.7323531,62.12219904,2
206.5,0.5,127.412333,7.310391,140.538606370326,8.063522101602,3
207.0,0.5,127.8095,9.1395,140.976690309,10.081069569,2
207.5,0.5,112.445,0.0,124.02930878999999,0.0,1
208.0,0.5,253.104,1.912,279.17928028800003,2.108978064,2
208.5,0.5,173.043333,52.108472,190.870603252326,57.476791002384,3
209.0,0.5,130.032,10.131219,143.428156704,11.174957443817998,3
209.5,0.5,127.945,7.868135,141.12614979,8.678726003969999,3
210.0,0.5,114.093,0.0,125.847089046,0.0,1
210.5,0.5,243.453,9.84,268.534014966,10.853736479999998,2
211.0,0.5,135.5505,0.5425,149.515183611,0.598389435,2
211.5,0.5,167.476333,61.260544,184.730079778326,67.571727763968,3
212.0,0.5,133.678,0.0,147.449774916,0.0,1
212.5,0.5,120.791,11.7182,133.23513040199998,12.925432400399998,3
213.0,0.5,136.858,0.0,150.957384876,0.0,1
213.5,0.5,252.196,0.548,278.177736312,0.604456056,2
214.0,0.5,167.630333,59.613566,184.899945166326,65.75507479645199,3
214.5,0.5,127.322333,12.324232,140.439334390326,13.593899029104,3
215.0,0.5,121.175,9.279372,133.65869085,10.235351462184,3
216.0,1.0,203.26,64.742878,112.10012585999999,35.706409388658,3
216.5,0.5,139.909,0.0,154.32270499799998,0.0,1
217.0,0.5,194.032,58.25,214.021564704,64.2510315,2
217.5,0.5,134.980667,0.472566,148.886645275674,0.521250694452,3
218.0,0.5,114.928,1.167596,126.768112416,1.287884075112,3
218.5,0.5,134.343,0.0,148.18328454599998,0.0,1
219.0,0.5,254.336,1.866,280.538203392,2.0582390520000002,2
219.5,0.5,173.102,52.749272,190.93531424399998,58.18360749998399,3
220.0,0.5,129.495,7.480964,142.83583389,8.251667873208,3
220.5,0.5,121.224333,10.033943,133.713106234326,11.067659875746001,3
221.5,1.0,182.9215,48.2795,100.8832193865,26.6266753245,2
222.0,0.5,194.4835,56.5835,214.519579137,62.412845337,2
222.5,0.5,173.447333,52.206115,191.31622414032597,57.584493379529995,3
223.0,0.5,135.0875,0.2575,149.004484425,0.284028165,2
223.5,0.5,115.948333,0.98078,127.893562162326,1.0818219171599999,3
224.0,0.5,137.056,0.0,151.17578323200001,0.0,1
224.5,0.5,248.9395,1.4485,274.585745169,1.5977273669999998,2
225.0,0.5,174.209,56.65259,192.156359598,62.48905312698,3
225.5,0.5,123.7995,9.7865,136.553572089,10.794724803,2
226.0,0.5,126.26,9.154,139.26755771999999,10.097063387999999,2
226.5,0.5,127.2305,10.0245,140.338040571,11.057244038999999,2
227.0,0.5,185.016,69.872,204.07671835199997,77.070353184,2
227.5,0.5,182.8175,69.7945,201.651724485,76.984868979,2
228.0,0.5,193.5685,56.7405,213.51031400699998,62.58601979099999,2
228.5,0.5,134.890667,1.619582,148.787373295674,1.786434576804,3
229.0,0.5,113.117667,0.788595,124.771275289674,0.86983763409,3
229.5,0.5,137.109,0.0,151.234243398,0.0,1
230.0,0.5,254.2375,2.0835,280.429555725,2.298146337,2
230.5,0.5,194.564,58.954,214.60837240799998,65.027558988,2
231.0,0.5,122.357667,10.623037,134.963198569674,11.717443517813999,3
231.5,0.5,135.2805,0.0625,149.21736767099998,0.068938875,2
232.0,0.5,124.4975,10.1415,137.323481445,11.186297613,2
232.5,0.5,191.9015,57.1535,211.671576333,63.041567877,2
233.0,0.5,191.697,59.582,211.446008334,65.720256804,2
233.5,0.5,192.308,54.868,212.119954776,60.520611095999996,2
234.0,0.5,121.663,9.660631,134.19696558599998,10.655888526882,3
234.5,0.5,127.484667,7.64668,140.618392363674,8.43445626696,3
235.0,0.5,132.318,0.0,145.949664996,0.0,1
235.5,0.5,234.726,0.0,258.907941972,0.0,1
236.0,0.5,192.1165,57.5155,211.908726063,63.440861841,2
236.5,0.5,166.674667,59.341509,183.84582454367398,65.454989940198,3
237.0,0.5,135.218,2.612021,149.148428796,2.8811166274619997,3
237.5,0.5,115.926,1.192,127.868928372,1.314802224,2
238.0,0.5,193.335,60.665,213.25275837,66.91482963,2
238.5,0.5,182.9615,69.2375,201.81055965299998,76.370485725,2
239.0,0.5,193.1675,56.8085,213.06800218499998,62.661025287,2
239.5,0.5,128.529333,10.60483,141.77068194432601,11.69736079626,3
240.0,0.5,124.789,10.035,137.645012358,11.06882577,2
240.5,0.5,117.959,0.0,130.111372098,0.0,1
241.0,0.5,191.782,59.513,211.539765204,65.64414828599999,2
241.5,0.5,194.469,60.343,214.50358531799998,66.559656546,2
242.0,0.5,166.231,59.6126,183.35645008199998,65.7540092772,3
242.5,0.5,122.016,11.378763,134.586332352,12.551025921785998,3
243.0,0.5,134.4345,2.8775,148.284211059,3.173945805,2
243.5,0.5,184.654,71.693,203.677424388,79.07895624599999,2
244.0,0.5,184.409,66.109,203.407183998,72.919681398,2
244.5,0.5,195.255,59.816,215.37056060999998,65.978363952,2
245.0,0.5,134.7595,0.7055,148.642693209,0.778182021,2
245.5,0.5,115.673333,3.471582,127.590231112326,3.829231320804,3
246.0,0.5,137.965,0.0,152.17843023,0.0,1
246.5,0.5,196.44,59.854,216.67764168,66.020278788,2
247.0,0.5,195.128,60.159,215.23047681599996,66.356700498,2
247.5,0.5,158.094667,64.574075,174.38189578367397,71.22662535464998,3
248.0,0.5,126.521333,11.596869,139.555813768326,12.791601638118,3
248.5,0.5,135.318,0.155,149.258730996,0.17096841,2
249.0,0.5,172.322,60.868,190.074957084,67.138743096,2
249.5,0.5,197.184,58.821,217.49829004799997,64.88085706199999,2
250.0,0.5,194.8995,59.7145,214.97843628899997,65.866407219,2
250.5,0.5,123.6335,9.9295,136.370470437,10.952456949,2
251.0,0.5,124.9825,10.1525,137.858447115,11.198430855,2
251.5,0.5,135.3195,2.0225,149.260385529,2.2308619949999997,2
252.0,0.5,183.8955,70.0145,202.840782201,77.227533819,2
252.5,0.5,193.7315,59.3015,213.690106593,65.41085913299999,2
253.0,0.5,159.993,63.981437,176.47579884599998,70.572932602614,3
253.5,0.5,134.910667,1.71409,148.809433735674,1.89067897998,3
254.0,0.5,133.7295,1.5475,147.506580549,1.706926545,2
254.5,0.5,173.828,60.335,191.736108216,66.55083237,2
255.0,0.5,135.286,0.0,149.223434292,0.0,1
255.5,0.5,207.013,65.058808,228.339893286,71.76129651777599,3
256.0,0.5,114.003,0.0,125.747817066,0.0,1
256.5,0.5,136.038,1.294655,150.052906836,1.4280329474099998,3
257.0,0.5,121.18,13.161,133.66420596,14.516872541999998,2
257.5,0.5,194.9245,59.8745,215.006011839,66.042890739,2
258.0,0.5,186.222,68.46,205.406962884,75.51288611999999,2
258.5,0.5,166.859333,60.418412,184.04951520432598,66.64283764106399,3
259.0,0.5,126.316,7.187,139.329326952,7.927419114,2
259.5,0.5,127.891,9.86,141.066586602,10.875796919999999,2
260.0,0.5,158.841667,66.766072,175.205853217674,73.644446269584,3
260.5,0.5,135.485,0.0,149.44293567,0.0,1
261.0,0.5,206.710333,62.682973,228.00604492632598,69.140698244406,3
261.5,0.5,136.6455,0.0465,150.72299270099998,0.051290523,2
262.0,0.5,134.385,1.561,148.22961146999998,1.7218173419999998,2
262.5,0.5,111.9715,0.6995,123.507027873,0.771563889,2
263.0,0.5,183.035,47.915,201.89163176999998,52.851299129999994,2
263.5,0.5,195.8855,55.9025,216.066015981,61.661687355,2
264.0,0.5,194.3685,57.2695,214.392731607,63.169518429,2
264.5,0.5,127.800667,8.968814,140.966947315674,9.892799155908,3
265.0,0.5,126.1355,8.5995,139.13023148099998,9.485437689000001,2
265.5,0.5,166.522667,59.949103,183.678165199674,66.125179489266,3
266.0,0.5,133.962,0.0,147.76303316399998,0.0,1
266.5,0.5,200.505,60.080688,221.16142610999998,66.270320639136,3
267.0,0.5,134.4215,2.9535,148.269871773,3.257775477,2
267.5,0.5,136.97,0.574,151.08092334,0.6331346279999999,2
268.0,0.5,126.714,9.364,139.76832970799998,10.328698008,2
268.5,0.5,182.9105,67.0385,201.754305531,73.944940347,2
269.0,0.5,117.653,0.0,129.773847366,0.0,1
269.5,0.5,212.867,55.662784,234.79698407399997,61.397275333248,3
270.0,0.5,129.635667,7.786416,142.990992685674,8.588588149151999,3
270.5,0.5,125.828,9.44,138.791052216,10.412527679999998,2
271.0,0.5,170.032,61.580026,187.549036704,67.924123438572,3
271.5,0.5,133.4,0.0,147.1431348,0.0,1
272.0,0.5,201.613667,60.91226,222.38431020167397,67.18756284972,3
272.5,0.5,135.156,0.861,149.080041432,0.9497019419999999,2
273.0,0.5,124.835,13.074,137.69575136999998,14.420909627999999,2
273.5,0.5,136.285,0.0,150.32535327,0.0,1
274.0,0.5,161.791667,50.705112,178.45976811767397,55.928854048464,3
274.5,0.5,137.411,0.0,151.567356042,0.0,1
275.0,0.5,213.876,58.705589,235.909933272,64.753556189958,3
275.5,0.5,126.871333,9.900709,139.941871468326,10.920699842598001,3
276.0,0.5,118.017,0.233,130.17534737399998,0.257004126,2
276.5,0.5,176.055,57.122789,194.19253821,63.00769296835799,3
277.0,0.5,133.746,0.0,147.524780412,0.0,1
277.5,0.5,200.743333,60.938539,221.424312652326,67.216549164858,3
278.0,0.5,135.497,0.526,149.456171934,0.580189572,2
278.5,0.5,137.738,0.0,151.928044236,0.0,1
279.0,0.5,127.0285,9.1605,140.115230127,10.104233031,2
279.5,0.5,161.23,50.983085,177.84023706,56.23546438287,3
280.0,0.5,136.631,0.0,150.706998882,0.0,1
280.5,0.5,208.097333,68.028152,229.53593644032597,75.036548275344,3
281.0,0.5,132.400667,2.208786,146.04084851567399,2.436339551292,3
281.5,0.5,114.36,0.869,126.14159592,0.958526118,2
282.0,0.5,175.055,56.572889,193.08951621,62.401141170558,3
282.5,0.5,114.02,0.0,125.76656843999999,0.0,1
283.0,0.5,137.24,0.0,151.37873928,0.0,1
283.5,0.5,206.036333,63.658699,227.262608098326,70.216945488378,3
284.0,0.5,134.175,1.161,147.99797685000001,1.280608542,2
284.5,0.5,116.882,0.025,128.923417404,0.02757555,2
285.0,0.5,173.729,55.605126,191.626909038,61.333677290771995,3
285.5,0.5,134.144,0.0,147.963783168,0.0,1
286.0,0.5,200.081,59.709029,220.69374478199998,65.860372585638,3
286.5,0.5,135.803333,2.241362,149.794063972326,2.472271595964,3
287.0,0.5,123.919,7.923,136.685383218,8.739243305999999,2
287.5,0.5,162.253333,52.748831,178.968995872326,58.183121067282,3
288.0,0.5,139.773,0.0,154.172694006,0.0,1
288.5,0.5,134.738,0.0,148.618978236,0.0,1
289.0,0.5,208.890667,64.191026,230.411001295674,70.80411388057199,3
289.5,0.5,134.8955,0.4625,148.792704201,0.510147675,2
290.0,0.5,114.887,1.051,126.72288851399999,1.1592761219999999,2
290.5,0.5,176.380333,56.438916,194.551387666326,62.253366004152,3
291.0,0.5,133.728,0.0,147.504926016,0.0,1
291.5,0.5,206.723,64.86659,228.020016906,71.54927583498,3
292.0,0.5,127.998667,10.112455,141.18534567167399,11.15426033901,3
292.5,0.5,137.19,0.0,151.32358818,0.0,1
293.0,0.5,154.605667,54.553775,170.533452025674,60.17401400805,3
293.5,0.5,136.056,1.341,150.072761232,1.4791525019999998,2
294.0,0.5,131.724,0.0,145.29446992799998,0.0,1
294.5,0.5,207.035333,64.000593,228.364527076326,70.59406209204599,3
295.0,0.5,133.839,0.076,147.627361458,0.083829672,2
295.5,0.5,160.288,64.009976,176.801190336,70.60441174747199,3
296.0,0.5,135.1385,0.0415,149.060738547,0.045775413,2
296.5,0.5,133.95,0.0,147.74979689999998,0.0,1
297.0,0.5,208.491,65.216195,229.970159802,71.93489784129,3
297.5,0.5,113.42,0.367,125.10475524,0.404809074,2
298.0,0.5,136.4865,0.7155,150.547612203,0.789212241,2
298.5,0.5,162.083333,64.043287,178.781482132326,70.641154513314,3
299.0,0.5,136.5335,1.7385,150.599454237,1.9176037469999998,2
299.5,0.5,113.53,0.0,125.22608765999999,0.0,1
300.0,0.5,251.344,4.232,277.237961568,4.667989104,2
