timeline_s,gpu_util_pct_mean,gpu_util_pct_std,gpu_mem_mb_mean,gpu_mem_mb_std,cpu_util_pct_mean,cpu_util_pct_std,gpu_energy_delta_j_mean,gpu_energy_delta_j_std,gpu_power_w_mean,gpu_power_w_std,num_samples
0.0,52.333333,12.229291,5153.250000,0.000000,1.266667,0.047140,0.000000,0.000000,0.000000,0.000000,3
0.5,92.666667,1.699673,6111.250000,0.000000,1.433333,0.047140,130.428667,7.717892,207.015488,14.103498,3
1.0,91.000000,0.000000,6111.250000,0.000000,1.500000,0.000000,124.100000,0.000000,199.821819,0.000000,1
1.5,95.000000,0.000000,6111.250000,0.000000,1.300000,0.000000,124.919500,0.062500,200.364919,0.795494,2
2.0,94.000000,0.816497,6111.250000,0.000000,1.366667,0.094281,126.449000,0.919039,204.170765,1.757551,3
2.5,94.666667,0.471405,6111.250000,0.000000,1.400000,0.081650,140.640333,11.480507,226.585501,18.329631,3
3.0,94.000000,1.414214,6111.250000,0.000000,1.400000,0.081650,125.731667,0.591155,203.058979,1.184441,3
3.5,93.666667,1.885618,6111.250000,0.000000,1.400000,0.081650,134.797000,9.488397,216.547645,15.550171,3
4.5,95.000000,0.000000,6111.250000,0.000000,1.433333,0.047140,125.009000,0.622706,201.405603,0.653980,3
5.0,95.000000,0.000000,6111.250000,0.000000,1.400000,0.081650,133.548667,10.879080,214.728698,17.190404,3
5.5,93.666667,1.885618,6111.250000,0.000000,1.400000,0.081650,132.608000,11.146272,213.389252,18.179663,3
6.0,93.666667,1.885618,6111.250000,0.000000,1.366667,0.047140,133.082667,11.113185,214.885843,18.075800,3
7.0,93.666667,2.054805,6111.250000,0.000000,1.366667,0.094281,127.416667,1.240089,204.417084,2.579046,3
7.5,93.666667,1.885618,6111.250000,0.000000,1.466667,0.047140,126.117667,1.269282,202.729337,1.827867,3
8.0,95.000000,0.000000,6111.250000,0.000000,1.400000,0.081650,132.850333,10.220850,213.320044,16.623136,3
8.5,94.000000,1.414214,6111.250000,0.000000,1.400000,0.081650,132.893000,10.525234,214.002113,17.229627,3
9.5,93.666667,1.885618,6111.250000,0.000000,1.366667,0.047140,133.134000,10.252102,213.415878,16.155823,3
10.0,95.000000,0.000000,6111.250000,0.000000,1.433333,0.094281,125.302000,1.781596,201.564151,3.067425,3
10.5,94.666667,0.471405,6111.250000,0.000000,1.400000,0.081650,132.483000,10.926761,212.249844,16.385404,3
11.0,93.666667,1.885618,6111.250000,0.000000,1.433333,0.094281,133.549667,11.637072,213.557997,18.306255,3
12.0,93.666667,1.247219,6111.250000,0.000000,1.400000,0.081650,134.397000,10.432376,215.505358,16.484829,3
12.5,94.000000,2.160247,6111.250000,0.000000,1.400000,0.081650,125.505333,1.622130,200.869783,3.375572,3
13.0,95.000000,0.000000,6111.250000,0.000000,1.400000,0.081650,134.135000,10.896104,215.143039,16.969500,3
13.5,95.000000,0.000000,6111.250000,0.000000,1.366667,0.047140,131.510333,10.462508,210.725555,16.560662,3
14.5,94.000000,1.414214,6111.250000,0.000000,1.433333,0.094281,134.267667,10.442261,215.340914,17.121103,3
15.0,93.666667,1.247219,6111.250000,0.000000,1.433333,0.047140,125.055000,1.867596,199.014027,2.196465,3
15.5,94.666667,0.471405,6111.250000,0.000000,1.400000,0.081650,134.339000,10.986730,214.922415,16.851995,3
16.0,93.666667,1.885618,6111.250000,0.000000,1.400000,0.081650,132.618667,11.750288,212.559328,18.398226,3
17.0,94.666667,0.471405,6111.250000,0.000000,1.366667,0.047140,134.067000,10.683937,214.887131,17.307565,3
17.5,94.333333,1.699673,6111.250000,0.000000,1.433333,0.047140,126.759000,2.751921,203.372116,4.572625,3
18.0,93.666667,1.885618,6111.250000,0.000000,1.433333,0.047140,133.496333,11.664517,213.390181,18.224966,3
18.5,94.666667,0.471405,6111.250000,0.000000,1.433333,0.124722,132.423000,11.494448,212.064128,18.273539,3
19.5,94.000000,1.414214,6111.250000,0.000000,1.366667,0.094281,134.200000,10.298999,215.080692,16.056786,3
20.0,94.000000,0.816497,6111.250000,0.000000,1.400000,0.081650,126.496667,2.444975,203.059352,3.879551,3
20.5,95.000000,0.000000,6111.250000,0.000000,1.400000,0.081650,133.714667,11.251029,214.866300,18.705829,3
21.0,94.000000,1.414214,6111.250000,0.000000,1.433333,0.047140,134.511333,10.365327,216.399240,16.069449,3
22.0,93.666667,1.885618,6111.250000,0.000000,1.433333,0.047140,125.522000,0.152029,201.320752,0.711932,3
22.5,94.000000,1.414214,6111.250000,0.000000,1.366667,0.047140,135.952667,9.747184,218.522704,15.935805,3
23.0,93.666667,1.885618,6111.250000,0.000000,1.400000,0.081650,125.804333,0.729690,199.423712,0.945913,3
23.5,95.000000,0.000000,6111.250000,0.000000,1.500000,0.141421,140.511000,10.543685,225.599425,16.585652,3
24.5,94.000000,1.414214,6111.250000,0.000000,1.400000,0.000000,126.134000,0.446462,202.882459,1.136043,3
25.0,93.666667,1.885618,6111.250000,0.000000,1.333333,0.169967,135.115333,9.320423,217.312437,15.175946,3
25.5,95.000000,0.000000,6111.250000,0.000000,1.500000,0.081650,125.137000,1.335606,201.358582,2.300750,3
26.0,95.000000,0.000000,6111.250000,0.000000,1.433333,0.124722,134.361333,10.179362,215.966914,16.057943,3
27.0,94.000000,1.414214,6111.250000,0.000000,1.433333,0.094281,132.175000,10.485688,212.633369,16.971693,3
27.5,93.333333,1.699673,6111.250000,0.000000,1.400000,0.081650,134.851667,10.475275,216.678240,16.831383,3
28.0,94.000000,1.414214,6111.250000,0.000000,1.400000,0.000000,126.286667,0.208215,202.970783,1.037252,3
28.5,94.000000,2.160247,6111.250000,0.000000,1.500000,0.081650,126.572000,2.197588,203.506463,3.687744,3
29.5,94.666667,0.471405,6111.250000,0.000000,1.366667,0.047140,140.691333,10.454022,225.958101,16.706886,3
30.0,94.000000,1.414214,6111.250000,0.000000,1.400000,0.081650,126.175000,0.214723,202.528950,0.707203,3
30.5,93.666667,1.885618,6111.250000,0.000000,1.466667,0.047140,135.358000,9.409621,217.729651,15.173587,3
31.0,95.000000,0.000000,6111.250000,0.000000,1.400000,0.081650,125.084000,1.230548,201.224999,2.209374,3
32.0,94.666667,0.471405,6111.250000,0.000000,1.433333,0.094281,135.548000,10.612325,217.514077,16.093104,3
32.5,93.666667,1.885618,6111.250000,0.000000,1.433333,0.047140,132.568667,11.042391,213.201014,17.777375,3
33.0,94.333333,0.942809,6111.250000,0.000000,1.400000,0.081650,135.195667,10.305559,216.503610,16.631098,3
33.5,94.000000,1.414214,6111.250000,0.000000,1.433333,0.094281,125.293000,0.842478,200.404186,1.118321,3
34.5,93.666667,1.885618,6111.250000,0.000000,1.366667,0.047140,134.529000,11.222352,216.094159,18.172871,3
35.0,94.000000,1.414214,6111.250000,0.000000,1.433333,0.094281,133.523667,10.706226,214.073053,17.814735,3
35.5,93.666667,1.885618,6111.250000,0.000000,1.366667,0.047140,127.296667,1.781452,204.439070,3.197803,3
36.0,95.000000,0.000000,6111.250000,0.000000,1.533333,0.047140,134.650667,9.431293,216.711674,14.833497,3
36.5,95.000000,0.000000,6111.250000,0.000000,1.400000,0.000000,127.272000,0.000000,205.999547,0.000000,1
37.0,95.000000,0.000000,6111.250000,0.000000,1.350000,0.050000,125.584000,1.437000,200.721630,3.787887,2
37.5,94.000000,1.414214,6111.250000,0.000000,1.433333,0.124722,142.025667,10.505514,228.086712,17.375226,3
38.0,93.333333,2.357023,6111.250000,0.000000,1.400000,0.081650,124.533667,0.668862,199.636769,0.749002,3
38.5,94.666667,0.471405,6111.250000,0.000000,1.366667,0.047140,134.324667,10.883306,214.116344,17.406010,3
39.0,91.000000,0.000000,6111.250000,0.000000,1.500000,0.000000,128.339000,0.000000,206.779884,0.000000,1
39.5,95.000000,0.000000,6111.250000,0.000000,1.500000,0.000000,125.501500,0.994500,200.165356,2.180653,2
40.0,93.666667,1.247219,6111.250000,0.000000,1.366667,0.047140,141.635667,8.999330,227.116552,14.528675,3
40.5,93.666667,1.885618,6111.250000,0.000000,1.366667,0.047140,125.954667,0.691030,201.692986,1.620757,3
41.0,95.000000,0.000000,6111.250000,0.000000,1.466667,0.124722,133.810000,10.796588,213.297920,16.575706,3
41.5,95.000000,0.000000,6111.250000,0.000000,1.400000,0.000000,125.819000,0.000000,202.179600,0.000000,1
42.0,95.000000,0.000000,6111.250000,0.000000,1.350000,0.050000,126.124500,0.931500,201.782425,2.271896,2
42.5,94.000000,1.414214,6111.250000,0.000000,1.400000,0.081650,140.595667,11.598687,224.006759,20.611281,3
43.0,93.666667,1.885618,6111.250000,0.000000,1.500000,0.081650,126.219667,0.154476,202.221665,0.390198,3
43.5,94.000000,1.414214,6111.250000,0.000000,1.433333,0.094281,132.938333,9.384892,212.391568,15.344313,3
44.0,91.000000,0.000000,6111.250000,0.000000,1.400000,0.000000,127.327000,0.000000,202.772643,0.000000,1
44.5,95.000000,0.000000,6111.250000,0.000000,1.350000,0.050000,126.694500,0.055500,202.949292,0.658338,2
45.0,94.000000,1.414214,6111.250000,0.000000,1.400000,0.081650,140.643667,10.221996,224.906295,16.108819,3
45.5,93.666667,1.885618,6111.250000,0.000000,1.400000,0.081650,134.819667,9.741613,215.674757,15.934906,3
46.0,95.000000,0.000000,6111.250000,0.000000,1.400000,0.081650,126.161667,1.163890,201.418947,2.078466,3
46.5,95.000000,0.000000,6111.250000,0.000000,1.500000,0.000000,129.110000,0.000000,206.557178,0.000000,1
47.0,95.000000,0.000000,6111.250000,0.000000,1.450000,0.050000,136.935500,11.625500,219.515249,18.802858,2
47.5,94.000000,1.414214,6111.250000,0.000000,1.400000,0.081650,132.496000,11.526682,210.964544,19.446052,3
48.0,93.666667,1.885618,6111.250000,0.000000,1.400000,0.081650,135.351333,9.943988,216.501437,15.820729,3
48.5,94.000000,1.414214,6111.250000,0.000000,1.300000,0.081650,125.474000,1.453765,199.192532,3.487307,3
49.0,91.000000,0.000000,6111.250000,0.000000,1.400000,0.000000,127.268000,0.000000,203.569207,0.000000,1
49.5,93.500000,1.500000,6111.250000,0.000000,1.350000,0.050000,137.793000,11.709000,221.153058,18.918275,2
50.0,93.666667,1.885618,6111.250000,0.000000,1.466667,0.047140,132.372000,8.750062,209.067827,12.587926,3
50.5,95.000000,0.000000,6111.250000,0.000000,1.333333,0.047140,135.311000,10.468668,216.606375,16.992394,3
51.0,95.000000,0.000000,6111.250000,0.000000,1.433333,0.094281,132.412667,11.234837,211.316014,18.096816,3
51.5,95.000000,0.000000,6111.250000,0.000000,1.500000,0.000000,129.189000,0.000000,207.225310,0.000000,1
52.0,93.500000,1.500000,6111.250000,0.000000,1.350000,0.050000,136.648500,9.695500,215.965865,13.260045,2
52.5,94.000000,1.414214,6111.250000,0.000000,1.433333,0.094281,128.304333,2.954174,204.164496,5.360433,3
53.0,94.333333,0.942809,6111.250000,0.000000,1.433333,0.047140,131.931667,12.353290,210.267179,19.100819,3
53.5,93.333333,1.699673,6111.250000,0.000000,1.400000,0.081650,142.338333,11.045420,226.419624,16.300418,3
54.5,93.666667,1.885618,6111.250000,0.000000,1.433333,0.094281,127.497667,1.151431,203.829576,1.341801,3
55.0,95.000000,0.000000,6111.250000,0.000000,1.366667,0.047140,127.956000,3.334475,205.157569,6.278760,3
55.5,95.000000,0.000000,6111.250000,0.000000,1.433333,0.124722,131.545667,12.963701,210.871903,20.524147,3
56.0,95.000000,0.000000,6111.250000,0.000000,1.500000,0.081650,142.290000,11.197265,228.365594,17.974632,3
57.0,93.666667,1.885618,6111.250000,0.000000,1.300000,0.141421,124.549667,1.439497,198.692124,2.645793,3
57.5,94.666667,0.471405,6111.250000,0.000000,1.500000,0.000000,126.585333,0.896047,202.329367,1.937913,3
58.0,94.000000,1.414214,6111.250000,0.000000,1.366667,0.047140,132.020667,10.284234,211.042033,16.477970,3
58.5,92.666667,1.699673,6111.250000,0.000000,1.366667,0.094281,141.152667,10.572484,226.002314,17.389073,3
59.5,93.666667,1.885618,6111.250000,0.000000,1.433333,0.094281,125.636000,2.944097,200.418066,6.176705,3
60.0,95.000000,0.000000,6111.250000,0.000000,1.566667,0.047140,135.099000,10.478993,215.998076,17.230428,3
60.5,95.000000,0.000000,6111.250000,0.000000,1.633333,0.188562,133.442000,9.259552,213.794769,14.265645,3
61.0,95.000000,0.000000,6111.250000,0.000000,1.466667,0.169967,128.007000,0.965549,205.442453,1.121582,3
62.0,93.666667,1.885618,6111.250000,0.000000,1.433333,0.094281,134.702667,10.327251,215.285563,17.151483,3
62.5,93.666667,1.885618,6111.250000,0.000000,1.333333,0.047140,125.672333,0.301746,200.998553,1.502175,3
63.0,92.666667,1.699673,6111.250000,0.000000,1.533333,0.047140,139.889333,11.473423,222.846215,17.287171,3
63.5,92.333333,1.885618,6111.250000,0.000000,1.433333,0.047140,127.285333,1.444067,202.541554,2.211036,3
64.5,95.000000,0.000000,6111.250000,0.000000,1.366667,0.047140,132.839000,10.570479,212.149110,18.185705,3
65.0,95.000000,0.000000,6111.250000,0.000000,1.466667,0.124722,141.766333,11.236794,226.839811,17.620955,3
65.5,95.333333,0.471405,6111.250000,0.000000,1.366667,0.047140,127.112000,0.516189,203.786915,0.316117,3
66.0,95.000000,0.000000,6111.250000,0.000000,1.433333,0.094281,127.421667,2.918140,204.228532,5.152514,3
67.0,94.666667,0.471405,6111.250000,0.000000,1.400000,0.081650,133.854333,12.212617,214.405993,19.226687,3
67.5,93.666667,1.885618,6111.250000,0.000000,1.300000,0.216025,133.869333,11.459657,214.637913,18.109420,3
68.0,92.333333,1.247219,6111.250000,0.000000,1.466667,0.047140,134.722333,9.670656,215.835030,16.104532,3
68.5,93.666667,1.885618,6111.250000,0.000000,1.366667,0.047140,125.535333,1.151899,201.187450,1.801115,3
69.0,95.000000,0.000000,6111.250000,0.000000,1.500000,0.000000,128.446000,0.000000,206.983234,0.000000,1
69.5,95.500000,0.500000,6111.250000,0.000000,1.400000,0.100000,138.052500,12.490500,221.182283,21.690487,2
70.0,95.000000,0.000000,6111.250000,0.000000,1.433333,0.047140,132.391000,9.932319,211.754624,15.095603,3
70.5,95.000000,0.000000,6111.250000,0.000000,1.433333,0.047140,134.820333,11.052704,215.099531,17.346126,3
71.0,95.000000,0.000000,6111.250000,0.000000,1.400000,0.081650,125.263667,0.205719,200.621526,0.986997,3
71.5,95.000000,0.000000,6111.250000,0.000000,1.500000,0.000000,132.233000,0.000000,212.284026,0.000000,1
72.0,95.000000,0.000000,6111.250000,0.000000,1.350000,0.050000,148.905500,0.774500,238.156250,1.038411,2
72.5,93.000000,1.414214,6111.250000,0.000000,1.400000,0.081650,125.799333,2.662255,201.805522,3.926493,3
73.0,91.666667,1.699673,6111.250000,0.000000,1.333333,0.047140,134.914667,10.365840,215.337375,17.117879,3
73.5,94.000000,1.414214,6111.250000,0.000000,1.500000,0.081650,126.273667,0.505596,202.358498,1.716475,3
74.0,92.000000,0.000000,6111.250000,0.000000,1.300000,0.000000,128.692000,0.000000,206.678844,0.000000,1
74.5,95.000000,0.000000,6111.250000,0.000000,1.550000,0.050000,137.922500,12.478500,220.917196,19.823934,2
75.0,95.333333,0.471405,6111.250000,0.000000,1.433333,0.094281,132.280333,10.470616,210.726810,16.821372,3
75.5,95.000000,0.000000,6111.250000,0.000000,1.366667,0.047140,135.041667,10.105849,216.335161,16.902721,3
76.0,95.000000,0.000000,6111.250000,0.000000,1.400000,0.081650,125.839000,1.488739,201.527288,3.110952,3
76.5,95.000000,0.000000,6111.250000,0.000000,1.400000,0.000000,129.824000,0.000000,208.621996,0.000000,1
77.0,94.000000,1.000000,6111.250000,0.000000,1.450000,0.050000,138.620000,12.496000,221.754888,19.618750,2
77.5,92.333333,1.885618,6111.250000,0.000000,1.400000,0.000000,133.231333,9.717214,213.260392,15.926035,3
78.0,93.666667,1.885618,6111.250000,0.000000,1.433333,0.169967,134.761333,10.730356,214.781483,16.304629,3
78.5,93.000000,2.000000,6111.250000,0.000000,1.450000,0.050000,124.709500,0.017500,198.515313,0.696885,2
79.0,95.500000,0.500000,6111.250000,0.000000,1.450000,0.050000,126.330500,1.370500,200.780502,2.543968,2
79.5,95.000000,0.000000,6111.250000,0.000000,1.400000,0.100000,137.723500,10.715500,220.546802,16.446466,2
80.0,95.000000,0.000000,6111.250000,0.000000,1.333333,0.047140,133.075000,10.981751,213.224436,17.994260,3
80.5,95.000000,0.000000,6111.250000,0.000000,1.500000,0.000000,134.488000,11.046545,216.148318,17.960005,3
81.0,95.000000,0.000000,6111.250000,0.000000,1.400000,0.000000,126.561500,0.660500,199.612937,0.396152,2
81.5,95.000000,0.000000,6111.250000,0.000000,1.400000,0.000000,149.091000,0.000000,230.498913,0.000000,1
82.0,93.666667,1.885618,6111.250000,0.000000,1.400000,0.081650,126.106000,0.913320,201.492861,2.740469,3
82.5,93.333333,1.699673,6111.250000,0.000000,1.433333,0.124722,141.394000,9.877777,224.962978,14.975102,3
83.0,92.666667,2.357023,6111.250000,0.000000,1.366667,0.047140,126.059000,0.437239,202.138507,1.107191,3
83.5,94.500000,0.500000,6111.250000,0.000000,1.400000,0.100000,129.004500,2.405500,206.393356,4.667823,2
84.0,95.000000,0.000000,6111.250000,0.000000,1.500000,0.000000,150.541000,0.000000,242.093336,0.000000,1
84.5,95.333333,0.471405,6111.250000,0.000000,1.433333,0.047140,125.105667,2.057402,201.009250,3.431016,3
85.0,94.666667,0.471405,6111.250000,0.000000,1.400000,0.000000,141.056333,12.183025,225.834344,20.118790,3
85.5,95.000000,0.000000,6111.250000,0.000000,1.433333,0.094281,125.365667,1.030892,200.439675,2.664339,3
86.0,95.000000,0.000000,6111.250000,0.000000,1.300000,0.000000,128.659500,0.278500,206.721863,0.611749,2
86.5,93.500000,1.500000,6111.250000,0.000000,1.350000,0.050000,136.051500,11.807500,218.616114,19.078558,2
87.0,93.000000,2.000000,6111.250000,0.000000,1.500000,0.000000,124.878500,1.619500,200.079267,3.302442,2
87.5,95.000000,0.000000,6111.250000,0.000000,1.400000,0.081650,142.401667,9.640232,228.370698,15.389786,3
88.0,93.000000,1.414214,6111.250000,0.000000,1.433333,0.047140,125.512000,0.919004,200.958975,0.852325,3
88.5,93.000000,1.000000,6111.250000,0.000000,1.350000,0.150000,129.237500,0.290500,207.663101,0.763164,2
89.0,95.000000,0.000000,6111.250000,0.000000,1.400000,0.000000,137.549500,12.525500,220.785378,20.216861,2
89.5,95.000000,0.000000,6111.250000,0.000000,1.400000,0.000000,124.877000,0.589000,199.300526,0.598080,2
90.0,95.333333,0.471405,6111.250000,0.000000,1.466667,0.124722,142.700333,10.022342,227.560277,15.724281,3
90.5,95.000000,0.000000,6111.250000,0.000000,1.366667,0.047140,124.381667,1.177055,199.074717,1.769447,3
91.0,95.000000,0.000000,6111.250000,0.000000,1.500000,0.000000,128.847000,1.159000,205.875194,2.960800,2
91.5,94.500000,0.500000,6111.250000,0.000000,1.450000,0.050000,137.558500,13.446500,219.922915,21.005116,2
92.0,93.000000,2.000000,6111.250000,0.000000,1.350000,0.050000,124.932500,0.664500,199.183122,2.174803,2
92.5,93.666667,1.247219,6111.250000,0.000000,1.400000,0.081650,142.293333,9.060721,227.704456,14.318653,3
93.0,92.333333,1.885618,6111.250000,0.000000,1.400000,0.081650,125.889000,1.946824,200.624140,2.268723,3
93.5,93.000000,2.000000,6111.250000,0.000000,1.350000,0.050000,128.695500,1.148500,206.959666,1.610875,2
94.0,95.000000,0.000000,6111.250000,0.000000,1.350000,0.050000,137.191000,11.793000,220.058692,18.781968,2
94.5,95.000000,0.000000,6111.250000,0.000000,1.450000,0.050000,137.343500,11.000500,217.529609,15.145820,2
95.0,95.000000,0.000000,6111.250000,0.000000,1.466667,0.047140,127.305000,1.041442,204.470839,1.472371,3
95.5,95.000000,0.000000,6111.250000,0.000000,1.400000,0.000000,134.674333,8.823601,216.082896,13.714657,3
96.0,95.000000,0.000000,6111.250000,0.000000,1.400000,0.100000,125.386000,3.293000,200.882276,4.399122,2
96.5,95.000000,0.000000,6111.250000,0.000000,1.400000,0.100000,137.819000,10.164000,221.215983,15.694761,2
97.0,93.500000,1.500000,6111.250000,0.000000,1.450000,0.050000,138.176000,9.332000,221.588447,14.143194,2
97.5,92.666667,1.699673,6111.250000,0.000000,1.433333,0.094281,126.138667,1.566346,201.172335,2.022625,3
98.0,93.000000,1.414214,6111.250000,0.000000,1.433333,0.047140,133.534333,10.132962,213.045149,16.732585,3
98.5,93.500000,1.500000,6111.250000,0.000000,1.450000,0.150000,125.892000,2.211000,200.167956,2.802751,2
99.0,95.000000,0.000000,6111.250000,0.000000,1.300000,0.200000,139.484500,11.939500,223.415126,19.304076,2
99.5,95.000000,0.000000,6111.250000,0.000000,1.400000,0.000000,137.884500,11.850500,221.477879,19.188038,2
100.0,95.000000,0.000000,6111.250000,0.000000,1.433333,0.094281,132.515333,11.053103,210.405821,19.280422,3
100.5,95.000000,0.000000,6111.250000,0.000000,1.400000,0.081650,127.825667,1.196719,204.714204,2.778493,3
101.0,95.000000,0.000000,6111.250000,0.000000,1.350000,0.050000,128.525500,3.803500,206.118661,6.192013,2
101.5,93.500000,1.500000,6111.250000,0.000000,1.450000,0.050000,134.982000,12.980000,216.178072,20.721976,2
102.0,93.000000,2.000000,6111.250000,0.000000,1.550000,0.050000,126.850500,0.361500,204.410218,0.485317,2
102.5,94.000000,1.414214,6111.250000,0.000000,1.300000,0.000000,140.301000,11.928952,224.880152,19.474629,3
103.0,92.666667,1.699673,6111.250000,0.000000,1.433333,0.094281,126.341333,1.724684,201.328238,3.187917,3
103.5,94.000000,1.000000,6111.250000,0.000000,1.450000,0.150000,127.771500,0.965500,205.105216,1.615911,2
104.0,95.000000,0.000000,6111.250000,0.000000,1.350000,0.050000,136.691500,11.397500,219.571320,18.561341,2
104.5,95.000000,0.000000,6111.250000,0.000000,1.450000,0.050000,126.876000,0.196000,204.050740,0.286045,2
105.0,95.000000,0.000000,6111.250000,0.000000,1.366667,0.047140,142.012667,10.706884,227.868844,17.240136,3
105.5,95.000000,0.000000,6111.250000,0.000000,1.466667,0.047140,125.064000,1.168693,199.802577,1.711086,3
106.0,95.000000,0.000000,6111.250000,0.000000,1.400000,0.100000,127.661000,1.679000,205.323304,2.636299,2
106.5,94.500000,0.500000,6111.250000,0.000000,1.350000,0.050000,138.248500,13.219500,221.262062,20.878597,2
107.0,93.000000,2.000000,6111.250000,0.000000,1.450000,0.050000,124.732000,0.684000,199.063996,1.939707,2
107.5,93.666667,1.247219,6111.250000,0.000000,1.400000,0.081650,142.935667,9.202815,229.649908,14.848403,3
108.0,92.666667,1.699673,6111.250000,0.000000,1.433333,0.094281,125.198667,1.187795,200.623435,1.768925,3
108.5,93.000000,1.000000,6111.250000,0.000000,1.450000,0.050000,128.719500,0.468500,206.701651,1.184216,2
109.0,95.000000,0.000000,6111.250000,0.000000,1.400000,0.000000,148.623000,0.000000,236.980567,0.000000,1
109.5,95.000000,0.000000,6111.250000,0.000000,1.500000,0.141421,124.036333,1.426488,196.149744,4.283711,3
110.0,94.666667,0.471405,6111.250000,0.000000,1.333333,0.047140,142.156000,10.494438,227.992790,17.210605,3
110.5,95.000000,0.000000,6111.250000,0.000000,1.433333,0.124722,125.512000,1.730561,199.828207,1.587613,3
111.0,95.000000,0.000000,6111.250000,0.000000,1.350000,0.050000,126.371000,1.640000,201.941579,3.402045,2
111.5,94.000000,0.000000,6111.250000,0.000000,1.500000,0.000000,148.918000,0.000000,236.379694,0.000000,1
112.0,93.000000,1.632993,6111.250000,0.000000,1.466667,0.047140,132.813000,11.710265,212.187528,17.568386,3
112.5,92.666667,1.247219,6111.250000,0.000000,1.433333,0.047140,134.689333,9.881125,215.982352,15.174684,3
113.0,93.666667,1.885618,6111.250000,0.000000,1.400000,0.081650,125.171667,0.893912,199.543137,3.754283,3
113.5,94.500000,0.500000,6111.250000,0.000000,1.450000,0.050000,126.221500,0.079500,202.046912,0.863382,2
114.0,95.000000,0.000000,6111.250000,0.000000,1.300000,0.000000,149.383000,0.000000,239.221806,0.000000,1
114.5,95.000000,0.000000,6111.250000,0.000000,1.466667,0.047140,132.392667,8.841032,209.895550,12.332054,3
115.0,95.000000,0.000000,6111.250000,0.000000,1.400000,0.081650,136.096333,9.883743,218.294038,15.861617,3
115.5,95.000000,0.000000,6111.250000,0.000000,1.433333,0.047140,125.045000,1.998077,200.253202,3.525151,3
116.0,94.000000,1.000000,6111.250000,0.000000,1.350000,0.050000,139.679000,10.507000,223.053384,15.794590,2
116.5,93.000000,0.000000,6111.250000,0.000000,1.500000,0.000000,149.490000,0.000000,237.007414,0.000000,1
117.0,92.333333,1.885618,6111.250000,0.000000,1.433333,0.124722,125.744667,0.707131,201.905952,1.246485,3
117.5,94.333333,0.471405,6111.250000,0.000000,1.266667,0.124722,136.241000,10.518477,218.034647,16.260002,3
118.0,94.000000,1.414214,6111.250000,0.000000,1.333333,0.124722,124.230667,1.084021,199.265925,2.037835,3
118.5,94.000000,1.000000,6111.250000,0.000000,1.400000,0.100000,139.952500,8.024500,223.301967,11.767701,2
119.0,95.000000,0.000000,6111.250000,0.000000,1.400000,0.000000,147.676000,0.000000,235.858063,0.000000,1
119.5,95.000000,0.000000,6111.250000,0.000000,1.366667,0.094281,124.384333,1.585854,199.354120,2.399816,3
120.0,95.000000,0.000000,6111.250000,0.000000,1.400000,0.081650,135.612333,10.369608,217.495375,16.848576,3
120.5,95.000000,0.000000,6111.250000,0.000000,1.366667,0.047140,125.532000,0.823423,200.319186,1.779508,3
121.0,94.000000,1.414214,6111.250000,0.000000,1.333333,0.047140,142.105333,9.288628,227.991928,14.416764,3
121.5,95.000000,0.000000,6111.250000,0.000000,1.600000,0.000000,127.357000,0.000000,205.639503,0.000000,1
122.0,91.500000,0.500000,6111.250000,0.000000,1.400000,0.100000,126.492500,0.475500,201.713531,1.399053,2
122.5,94.666667,0.471405,6111.250000,0.000000,1.400000,0.081650,127.640667,1.084260,204.862383,1.747825,3
123.0,94.000000,1.414214,6111.250000,0.000000,1.466667,0.124722,132.196333,10.182004,211.402732,16.250741,3
123.5,93.666667,1.885618,6111.250000,0.000000,1.366667,0.047140,142.333000,9.947169,227.719844,16.664277,3
124.0,95.000000,0.000000,6111.250000,0.000000,1.500000,0.000000,126.028000,0.000000,201.958395,0.000000,1
124.5,95.000000,0.000000,6111.250000,0.000000,1.350000,0.050000,126.551000,1.267000,200.911869,1.822675,2
125.0,95.000000,0.000000,6111.250000,0.000000,1.400000,0.000000,127.661333,1.662782,204.244369,3.193462,3
125.5,95.000000,0.000000,6111.250000,0.000000,1.333333,0.169967,132.317333,11.092281,212.245891,17.726444,3
126.0,93.000000,2.000000,6111.250000,0.000000,1.500000,0.000000,135.565500,9.129500,215.130235,11.145783,2
126.5,94.500000,0.500000,6111.250000,0.000000,1.450000,0.050000,139.222000,11.391000,223.087453,17.045137,2
127.0,92.500000,1.500000,6111.250000,0.000000,1.300000,0.000000,128.075500,2.285500,205.771477,4.006056,2
127.5,94.666667,0.471405,6111.250000,0.000000,1.433333,0.094281,126.319333,2.720321,201.931530,4.901494,3
128.0,94.000000,1.414214,6111.250000,0.000000,1.366667,0.047140,141.048000,11.758241,226.554156,19.240595,3
128.5,93.666667,1.885618,6111.250000,0.000000,1.466667,0.124722,133.727000,10.926053,214.043506,17.674206,3
129.0,95.000000,0.000000,6111.250000,0.000000,1.400000,0.000000,126.961000,0.000000,203.924391,0.000000,1
129.5,95.000000,0.000000,6111.250000,0.000000,1.400000,0.100000,126.770500,0.172500,202.594914,0.028194,2
130.0,95.000000,0.000000,6111.250000,0.000000,1.366667,0.047140,124.232000,2.434483,198.960274,4.189525,3
130.5,94.000000,1.414214,6111.250000,0.000000,1.433333,0.094281,140.496000,11.011146,223.865688,16.619844,3
131.0,93.666667,1.885618,6111.250000,0.000000,1.333333,0.047140,133.985333,11.556060,214.768319,18.550554,3
131.5,95.000000,0.000000,6111.250000,0.000000,1.400000,0.000000,127.681000,0.000000,205.140269,0.000000,1
132.0,93.500000,1.500000,6111.250000,0.000000,1.400000,0.100000,126.387000,0.172000,201.576980,0.033348,2
132.5,94.000000,1.414214,6111.250000,0.000000,1.466667,0.047140,125.910000,2.365963,201.274213,4.015334,3
133.0,94.000000,1.414214,6111.250000,0.000000,1.433333,0.124722,142.317000,10.790839,228.260259,16.854208,3
133.5,93.000000,2.000000,6111.250000,0.000000,1.400000,0.100000,126.531500,1.060500,203.065184,1.744201,2
134.0,95.000000,0.000000,6111.250000,0.000000,1.400000,0.000000,138.899500,9.590500,220.464622,12.611242,2
134.5,95.000000,0.000000,6111.250000,0.000000,1.350000,0.050000,127.748000,1.106000,204.934911,1.539244,2
135.0,95.000000,0.000000,6111.250000,0.000000,1.433333,0.094281,125.618333,4.112595,201.079058,6.924896,3
135.5,94.666667,0.471405,6111.250000,0.000000,1.466667,0.047140,140.304667,13.226510,224.464382,20.038861,3
136.0,93.666667,1.885618,6111.250000,0.000000,1.333333,0.169967,134.271333,10.664332,214.818421,18.026430,3
136.5,95.000000,0.000000,6111.250000,0.000000,1.400000,0.000000,128.863000,0.000000,207.053905,0.000000,1
137.0,93.500000,1.500000,6111.250000,0.000000,1.500000,0.000000,126.257000,0.777000,201.301942,2.090486,2
137.5,93.666667,1.885618,6111.250000,0.000000,1.566667,0.249444,133.904000,11.326501,213.866136,17.177948,3
138.0,95.000000,0.000000,6111.250000,0.000000,1.300000,0.489898,133.112667,11.139658,212.585082,18.562987,3
138.5,94.000000,1.414214,6111.250000,0.000000,1.433333,0.047140,126.522333,0.500556,202.039847,1.726001,3
139.0,93.000000,0.000000,6111.250000,0.000000,1.400000,0.000000,128.982000,0.000000,206.946595,0.000000,1
139.5,95.000000,0.000000,6111.250000,0.000000,1.050000,0.250000,136.261000,11.552000,217.882949,19.151560,2
140.0,93.666667,1.885618,6111.250000,0.000000,1.266667,0.286744,134.054333,10.378308,214.096252,17.112423,3
140.5,93.666667,1.885618,6111.250000,0.000000,1.200000,0.216025,126.518333,1.712227,203.246782,3.542729,3
141.0,95.000000,0.000000,6111.250000,0.000000,1.266667,0.205480,141.281333,10.625862,225.755800,17.419471,3
141.5,95.000000,0.000000,6111.250000,0.000000,1.400000,0.000000,126.553000,0.000000,203.421723,0.000000,1
142.0,93.000000,2.000000,6111.250000,0.000000,1.050000,0.250000,125.813000,0.924000,200.717425,2.660890,2
142.5,94.333333,0.942809,6111.250000,0.000000,1.200000,0.424264,134.106000,10.223251,214.875678,17.046152,3
143.0,95.000000,0.000000,6111.250000,0.000000,1.166667,0.329983,125.593000,1.614148,200.076889,4.611418,3
143.5,93.500000,1.500000,6111.250000,0.000000,1.400000,0.100000,136.896000,11.658000,219.502802,18.983327,2
144.0,93.000000,2.000000,6111.250000,0.000000,1.050000,0.350000,137.879500,11.649500,221.374321,18.606367,2
144.5,95.000000,0.000000,6111.250000,0.000000,1.000000,0.300000,126.437500,0.399500,202.445794,0.496122,2
145.0,93.333333,2.357023,6111.250000,0.000000,1.133333,0.309121,133.929000,10.094503,214.486519,15.607182,3
145.5,93.666667,1.885618,6111.250000,0.000000,1.266667,0.402768,126.246000,0.826979,202.025972,2.140342,3
146.0,95.000000,0.000000,6111.250000,0.000000,1.300000,0.000000,137.861000,11.928000,221.048348,19.395648,2
146.5,93.500000,1.500000,6111.250000,0.000000,1.050000,0.450000,137.283500,9.437500,218.633197,15.532879,2
147.0,93.000000,2.000000,6111.250000,0.000000,0.950000,0.250000,125.643500,0.211500,200.623890,0.253452,2
147.5,95.000000,0.000000,6111.250000,0.000000,1.200000,0.282843,133.590000,11.469277,213.282602,19.235164,3
148.0,95.000000,0.000000,6111.250000,0.000000,1.133333,0.309121,127.275333,0.434987,203.438064,0.271424,3
148.5,93.500000,1.500000,6111.250000,0.000000,1.450000,0.150000,136.871000,11.208000,218.371888,18.671956,2
149.0,93.000000,2.000000,6111.250000,0.000000,1.050000,0.350000,136.583000,10.800000,218.290578,17.105473,2
149.5,95.000000,0.000000,6111.250000,0.000000,1.100000,0.400000,126.566500,0.242500,202.733613,0.570979,2
150.0,94.000000,1.414214,6111.250000,0.000000,1.133333,0.309121,131.991333,8.903093,209.574822,12.123739,3
150.5,94.000000,1.414214,6111.250000,0.000000,1.166667,0.339935,134.876667,10.533267,216.272998,17.277069,3
151.0,95.000000,0.000000,6111.250000,0.000000,1.350000,0.050000,133.791000,10.814000,211.616469,18.738354,2
151.5,93.000000,2.000000,6111.250000,0.000000,1.100000,0.400000,127.848500,1.269500,204.425073,2.451810,2
152.0,93.000000,2.000000,6111.250000,0.000000,0.950000,0.350000,139.557000,10.663000,223.497439,17.754626,2
152.5,95.000000,0.000000,6111.250000,0.000000,1.133333,0.377124,126.345667,1.152669,201.176357,1.882819,3
153.0,95.000000,0.000000,6111.250000,0.000000,1.166667,0.402768,141.020333,11.398072,224.889709,18.285893,3
153.5,92.000000,0.000000,6111.250000,0.000000,1.400000,0.000000,127.787000,0.000000,204.703237,0.000000,1
154.0,93.000000,1.632993,6111.250000,0.000000,1.133333,0.385861,134.027333,10.771797,212.970830,16.897373,3
154.5,93.000000,2.000000,6111.250000,0.000000,0.950000,0.350000,125.780000,1.598000,200.338300,2.005644,2
155.0,95.000000,0.000000,6111.250000,0.000000,1.200000,0.216025,127.158000,1.929326,203.803101,3.920603,3
155.5,94.000000,1.414214,6111.250000,0.000000,1.200000,0.355903,133.019000,11.946905,213.194426,19.478934,3
156.0,95.000000,0.000000,6111.250000,0.000000,1.500000,0.000000,147.512000,0.000000,235.257326,0.000000,1
156.5,93.666667,1.885618,6111.250000,0.000000,1.200000,0.282843,134.713000,11.183484,215.133797,18.629115,3
157.0,95.000000,0.000000,6111.250000,0.000000,1.000000,0.300000,126.047000,0.799000,201.836748,1.647306,2
157.5,95.000000,0.000000,6111.250000,0.000000,1.100000,0.355903,124.830333,0.626811,198.905650,1.068247,3
158.0,94.333333,0.942809,6111.250000,0.000000,1.166667,0.418994,141.588333,11.611155,225.989163,18.631880,3
158.5,91.000000,0.000000,6111.250000,0.000000,1.400000,0.000000,126.251000,0.000000,202.879552,0.000000,1
159.0,93.666667,1.247219,6111.250000,0.000000,1.166667,0.339935,134.325667,9.538097,215.928652,15.512932,3
159.5,93.000000,2.000000,6111.250000,0.000000,1.150000,0.350000,126.996500,0.870500,203.145128,1.537857,2
160.0,95.000000,0.000000,6111.250000,0.000000,1.200000,0.282843,124.431333,0.583332,199.810047,0.785234,3
160.5,94.000000,1.414214,6111.250000,0.000000,1.166667,0.339935,139.364333,10.438641,221.319920,16.436517,3
161.0,95.000000,0.000000,6111.250000,0.000000,1.400000,0.000000,123.809000,0.000000,197.106024,0.000000,1
161.5,93.666667,1.885618,6111.250000,0.000000,1.133333,0.385861,134.861667,9.900092,215.875553,15.938111,3
162.0,95.000000,0.000000,6111.250000,0.000000,1.000000,0.300000,125.996000,0.357000,201.807406,0.795063,2
162.5,95.000000,0.000000,6111.250000,0.000000,1.133333,0.309121,133.572667,10.662259,214.338848,16.885238,3
163.0,95.000000,0.000000,6111.250000,0.000000,1.200000,0.355903,134.455667,10.778165,215.347073,17.820016,3
163.5,92.000000,0.000000,6111.250000,0.000000,1.600000,0.000000,127.424000,0.000000,204.096186,0.000000,1
164.0,92.333333,1.885618,6111.250000,0.000000,1.166667,0.339935,135.222667,10.579232,215.838693,17.967212,3
164.5,93.000000,2.000000,6111.250000,0.000000,1.150000,0.150000,126.431000,1.185000,200.542975,0.417329,2
165.0,95.000000,0.000000,6111.250000,0.000000,1.266667,0.205480,134.205333,11.532423,214.656906,18.062474,3
165.5,94.000000,1.414214,6111.250000,0.000000,1.066667,0.402768,140.539667,11.270809,224.088615,18.413121,3
166.0,95.000000,0.000000,6111.250000,0.000000,1.500000,0.000000,125.510000,0.000000,199.961905,0.000000,1
166.5,94.333333,0.942809,6111.250000,0.000000,1.266667,0.329983,128.550667,1.735356,205.827707,3.878165,3
167.0,95.000000,0.000000,6111.250000,0.000000,1.000000,0.300000,127.629000,4.593000,202.515266,9.454240,2
167.5,95.000000,0.000000,6111.250000,0.000000,1.200000,0.216025,132.210000,12.510605,212.272803,20.189345,3
168.0,95.000000,0.000000,6111.250000,0.000000,1.566667,0.249444,141.133667,10.885633,226.313758,17.536131,3
168.5,92.000000,0.000000,6111.250000,0.000000,1.400000,0.000000,126.887000,0.000000,203.181309,0.000000,1
169.0,92.333333,1.885618,6111.250000,0.000000,1.300000,0.163299,126.411333,1.512844,202.025322,2.674067,3
169.5,94.000000,1.000000,6111.250000,0.000000,1.100000,0.200000,127.008000,1.844000,203.222501,3.740890,2
170.0,94.000000,1.414214,6111.250000,0.000000,1.266667,0.262467,132.634000,10.896595,212.735736,17.073100,3
170.5,93.666667,1.885618,6111.250000,0.000000,1.233333,0.169967,133.706667,9.841595,214.651273,15.647131,3
171.0,95.000000,0.000000,6111.250000,0.000000,1.500000,0.000000,146.880000,0.000000,235.619016,0.000000,1
171.5,95.000000,0.000000,6111.250000,0.000000,1.200000,0.216025,126.638000,0.825291,202.306519,1.940016,3
172.0,95.000000,0.000000,6111.250000,0.000000,1.050000,0.250000,126.777000,2.843000,203.854949,4.678859,2
172.5,94.666667,0.471405,6111.250000,0.000000,1.266667,0.205480,133.741000,10.839575,213.606245,16.360332,3
173.0,95.000000,0.000000,6111.250000,0.000000,1.266667,0.124722,133.746667,10.425105,214.260582,16.593243,3
173.5,92.000000,0.000000,6111.250000,0.000000,1.600000,0.000000,146.972000,0.000000,234.159118,0.000000,1
174.0,92.333333,1.885618,6111.250000,0.000000,1.366667,0.188562,126.931000,0.859309,202.245517,1.749365,3
174.5,93.500000,1.500000,6111.250000,0.000000,1.200000,0.100000,127.275500,2.708500,203.399389,5.339386,2
175.0,94.000000,1.414214,6111.250000,0.000000,1.133333,0.124722,133.452333,11.406853,214.220423,18.230451,3
175.5,93.666667,1.885618,6111.250000,0.000000,1.066667,0.205480,134.016333,11.310845,215.262308,18.151873,3
176.0,95.000000,0.000000,6111.250000,0.000000,0.800000,0.000000,146.935000,0.000000,235.670092,0.000000,1
176.5,95.000000,0.000000,6111.250000,0.000000,1.066667,0.169967,126.318333,1.289551,201.300581,3.845999,3
177.0,95.000000,0.000000,6111.250000,0.000000,1.250000,0.150000,127.401000,0.353000,204.184601,0.380728,2
177.5,95.000000,0.000000,6111.250000,0.000000,1.066667,0.169967,131.193667,9.401496,208.051186,12.786043,3
178.0,95.000000,0.000000,6111.250000,0.000000,1.100000,0.141421,134.768667,10.373999,215.538935,16.670215,3
178.5,91.000000,0.000000,6111.250000,0.000000,0.900000,0.000000,148.862000,0.000000,238.915267,0.000000,1
179.0,92.333333,1.885618,6111.250000,0.000000,1.033333,0.249444,126.065000,1.629101,201.455705,3.545764,3
179.5,91.500000,0.500000,6111.250000,0.000000,1.200000,0.100000,137.662500,9.821500,219.074160,15.170167,2
180.0,94.000000,1.414214,6111.250000,0.000000,1.066667,0.286744,126.714333,1.271075,201.731287,1.601074,3
180.5,95.000000,0.000000,6111.250000,0.000000,1.066667,0.286744,133.830333,9.593754,214.136553,14.737549,3
181.0,95.000000,0.000000,6111.250000,0.000000,0.700000,0.000000,146.636000,0.000000,233.829324,0.000000,1
181.5,95.000000,0.000000,6111.250000,0.000000,1.000000,0.244949,134.810000,9.811082,215.620555,16.148130,3
182.0,95.000000,0.000000,6111.250000,0.000000,1.150000,0.150000,127.891000,1.268000,204.233294,2.869053,2
182.5,95.000000,0.000000,6111.250000,0.000000,0.966667,0.286744,127.641000,3.482123,203.853812,6.269858,3
183.0,94.666667,0.471405,6111.250000,0.000000,1.066667,0.249444,140.922000,13.151588,224.920872,20.195922,3
183.5,91.000000,0.000000,6111.250000,0.000000,0.900000,0.000000,125.042000,0.000000,197.854223,0.000000,1
184.0,93.666667,1.885618,6111.250000,0.000000,0.966667,0.188562,134.724333,10.975737,215.532642,17.873253,3
184.5,93.500000,1.500000,6111.250000,0.000000,1.250000,0.250000,127.492500,3.356500,203.184737,6.227401,2
185.0,94.333333,0.942809,6111.250000,0.000000,1.000000,0.244949,125.206333,3.041319,200.579631,5.073521,3
185.5,95.000000,0.000000,6111.250000,0.000000,1.033333,0.205480,138.972333,11.338429,219.588254,17.931384,3
186.0,95.000000,0.000000,6111.250000,0.000000,0.700000,0.000000,127.495000,0.000000,199.955232,0.000000,1
186.5,95.000000,0.000000,6111.250000,0.000000,1.000000,0.294392,134.335333,9.059235,215.554631,14.547574,3
187.0,95.000000,0.000000,6111.250000,0.000000,1.300000,0.200000,123.808500,1.969500,195.243267,5.002841,2
187.5,93.666667,1.885618,6111.250000,0.000000,1.066667,0.205480,142.309667,9.548802,228.624896,15.402371,3
188.0,92.666667,1.699673,6111.250000,0.000000,1.000000,0.244949,125.717000,0.621244,201.231417,0.378143,3
188.5,92.000000,0.000000,6111.250000,0.000000,0.600000,0.000000,131.978000,0.000000,211.612638,0.000000,1
189.0,94.666667,0.471405,6111.250000,0.000000,1.000000,0.294392,132.428667,11.401675,212.401229,17.963601,3
189.5,93.500000,1.500000,6111.250000,0.000000,1.150000,0.150000,125.320000,0.029000,199.544299,0.378324,2
190.0,94.333333,0.942809,6111.250000,0.000000,0.966667,0.286744,141.467667,8.159778,226.383936,12.575806,3
190.5,95.000000,0.000000,6111.250000,0.000000,1.066667,0.368179,124.555000,0.573202,198.222663,1.914949,3
191.0,95.000000,0.000000,6111.250000,0.000000,0.600000,0.000000,124.057000,0.000000,198.760285,0.000000,1
191.5,95.000000,0.000000,6111.250000,0.000000,0.966667,0.286744,132.931667,12.125189,212.944741,20.030987,3
192.0,95.000000,0.000000,6111.250000,0.000000,1.500000,0.200000,126.526500,0.468500,202.686003,1.193639,2
192.5,93.666667,1.885618,6111.250000,0.000000,1.366667,0.573488,142.053000,10.315027,227.584292,17.133766,3
193.0,92.333333,1.885618,6111.250000,0.000000,1.033333,0.249444,125.543333,0.821343,201.478424,1.447544,3
193.5,95.000000,0.000000,6111.250000,0.000000,0.700000,0.000000,124.209000,0.000000,193.886043,0.000000,1
194.0,95.000000,0.000000,6111.250000,0.000000,1.200000,0.355903,134.073667,11.256905,214.335295,18.250120,3
194.5,93.500000,1.500000,6111.250000,0.000000,1.050000,0.050000,127.719500,0.663500,205.291279,0.861707,2
195.0,93.666667,1.885618,6111.250000,0.000000,1.166667,0.339935,140.942667,9.370366,225.189671,15.532298,3
195.5,95.000000,0.000000,6111.250000,0.000000,1.166667,0.286744,126.714000,0.991582,203.011893,1.379893,3
196.0,95.000000,0.000000,6111.250000,0.000000,0.800000,0.000000,127.193000,0.000000,203.657095,0.000000,1
196.5,95.000000,0.000000,6111.250000,0.000000,1.200000,0.141421,132.980667,10.321951,212.518478,16.551939,3
197.0,95.000000,0.000000,6111.250000,0.000000,1.150000,0.150000,126.577500,0.430500,202.024575,1.972702,2
197.5,92.666667,1.699673,6111.250000,0.000000,1.200000,0.216025,141.554667,8.792891,226.333638,13.820075,3
198.0,92.666667,1.699673,6111.250000,0.000000,1.066667,0.169967,126.588667,1.125802,202.275383,0.443276,3
198.5,95.000000,0.000000,6111.250000,0.000000,0.800000,0.000000,126.824000,0.000000,203.203905,0.000000,1
199.0,95.000000,0.000000,6111.250000,0.000000,1.250000,0.050000,137.960500,11.457500,220.506053,19.031328,2
199.5,93.666667,1.247219,6111.250000,0.000000,1.133333,0.309121,133.880333,10.417750,214.373330,16.691326,3
200.0,93.666667,1.885618,6111.250000,0.000000,1.166667,0.262467,134.221000,8.831522,214.091933,13.781361,3
200.5,95.000000,0.000000,6111.250000,0.000000,1.166667,0.262467,127.736000,3.479906,204.225207,5.778353,3
201.0,95.000000,0.000000,6111.250000,0.000000,0.800000,0.000000,122.038000,0.000000,195.704563,0.000000,1
201.5,95.000000,0.000000,6111.250000,0.000000,1.350000,0.050000,136.688000,11.558000,219.368906,18.113321,2
202.0,95.000000,0.000000,6111.250000,0.000000,1.133333,0.309121,132.982000,10.239989,212.287332,16.685866,3
202.5,92.666667,2.357023,6111.250000,0.000000,1.133333,0.309121,133.466000,9.697010,213.981091,15.959832,3
203.0,93.000000,1.632993,6111.250000,0.000000,1.066667,0.329983,127.109000,1.507141,204.034609,2.501860,3
203.5,95.000000,0.000000,6111.250000,0.000000,0.600000,0.000000,125.171000,0.000000,201.037603,0.000000,1
204.0,95.000000,0.000000,6111.250000,0.000000,1.133333,0.309121,142.296333,10.794660,228.229840,17.643834,3
204.5,93.500000,1.500000,6111.250000,0.000000,1.400000,0.000000,127.132500,1.412500,204.134917,2.438041,2
205.0,93.666667,1.885618,6111.250000,0.000000,1.066667,0.286744,134.243333,9.348391,214.272481,14.644218,3
205.5,95.000000,0.000000,6111.250000,0.000000,1.166667,0.339935,128.658333,1.543696,205.680915,3.729116,3
206.0,95.000000,0.000000,6111.250000,0.000000,1.100000,0.000000,126.069000,0.000000,201.313602,0.000000,1
206.5,95.000000,0.000000,6111.250000,0.000000,1.233333,0.094281,133.388000,10.803257,212.742237,16.340153,3
207.0,94.000000,1.000000,6111.250000,0.000000,1.350000,0.050000,146.731500,2.564500,231.488022,5.853876,2
207.5,92.333333,2.054805,6111.250000,0.000000,1.200000,0.355903,126.985000,2.225795,203.369890,4.014488,3
208.0,94.333333,0.942809,6111.250000,0.000000,1.100000,0.282843,126.255000,2.547904,201.370080,5.476961,3
208.5,95.000000,0.000000,6111.250000,0.000000,0.700000,0.000000,124.422000,0.000000,199.947763,0.000000,1
209.0,95.000000,0.000000,6111.250000,0.000000,1.066667,0.329983,148.851667,1.478922,238.738657,3.141692,3
209.5,93.500000,1.500000,6111.250000,0.000000,1.350000,0.050000,128.430500,0.165500,205.977754,0.804326,2
210.0,93.666667,1.885618,6111.250000,0.000000,1.200000,0.141421,126.767000,0.870478,202.480550,1.874774,3
210.5,95.000000,0.000000,6111.250000,0.000000,1.500000,0.216025,126.265000,0.929994,202.208918,0.898219,3
211.0,95.000000,0.000000,6111.250000,0.000000,1.100000,0.000000,125.302000,0.000000,201.563611,0.000000,1
211.5,95.000000,0.000000,6111.250000,0.000000,1.266667,0.205480,126.562667,0.501994,203.524329,0.735754,3
212.0,93.000000,2.000000,6111.250000,0.000000,1.350000,0.050000,147.742000,0.087000,236.943627,0.134129,2
212.5,92.666667,1.699673,6111.250000,0.000000,1.200000,0.141421,133.294333,10.294816,213.846247,16.986921,3
213.0,93.333333,1.699673,6111.250000,0.000000,1.233333,0.169967,126.210000,1.576630,202.065286,2.816090,3
213.5,95.000000,0.000000,6111.250000,0.000000,0.900000,0.000000,126.394000,0.000000,201.559440,0.000000,1
214.0,95.000000,0.000000,6111.250000,0.000000,1.200000,0.141421,125.561000,0.729288,201.223697,1.533396,3
214.5,93.500000,1.500000,6111.250000,0.000000,1.450000,0.050000,149.812500,0.599500,240.781979,1.382943,2
215.0,93.666667,1.885618,6111.250000,0.000000,1.200000,0.141421,132.757000,9.649152,210.270036,15.409840,3
215.5,95.000000,0.000000,6111.250000,0.000000,1.200000,0.163299,126.338333,1.402836,201.729287,2.716706,3
216.0,95.000000,0.000000,6111.250000,0.000000,1.000000,0.000000,126.088000,0.000000,202.527320,0.000000,1
216.5,94.666667,0.471405,6111.250000,0.000000,1.233333,0.169967,140.237000,9.678574,224.782009,15.086282,3
217.0,92.500000,1.500000,6111.250000,0.000000,1.350000,0.050000,138.478000,10.039000,221.919970,16.074181,2
217.5,93.000000,1.414214,6111.250000,0.000000,1.233333,0.094281,127.667000,0.789596,204.135409,1.690639,3
218.0,93.666667,1.885618,6111.250000,0.000000,1.333333,0.169967,126.729667,1.510727,202.299133,2.544949,3
218.5,95.000000,0.000000,6111.250000,0.000000,1.100000,0.000000,126.636000,0.000000,203.312062,0.000000,1
219.0,95.000000,0.000000,6111.250000,0.000000,1.233333,0.094281,134.180000,9.944339,215.267828,15.677249,3
219.5,93.500000,1.500000,6111.250000,0.000000,1.300000,0.000000,137.649500,11.257500,220.292287,18.983017,2
220.0,93.666667,1.885618,6111.250000,0.000000,1.233333,0.169967,135.970667,8.896050,218.324875,14.235471,3
220.5,95.000000,0.000000,6111.250000,0.000000,1.266667,0.124722,124.909000,1.982528,200.353947,2.954097,3
221.0,95.000000,0.000000,6111.250000,0.000000,1.000000,0.000000,127.024000,0.000000,202.470502,0.000000,1
221.5,95.000000,0.000000,6111.250000,0.000000,1.266667,0.124722,133.633000,11.359842,214.015368,18.092600,3
222.0,93.000000,2.000000,6111.250000,0.000000,1.400000,0.100000,136.945500,12.134500,218.651510,20.212675,2
222.5,93.333333,1.247219,6111.250000,0.000000,1.233333,0.169967,134.614667,10.341229,216.218130,16.517205,3
223.0,93.666667,1.885618,6111.250000,0.000000,1.166667,0.094281,127.967000,2.517641,204.860227,3.963737,3
223.5,95.000000,0.000000,6111.250000,0.000000,1.100000,0.000000,125.834000,0.000000,200.326736,0.000000,1
224.0,95.000000,0.000000,6111.250000,0.000000,1.166667,0.169967,132.708667,12.134393,213.244478,19.248832,3
224.5,95.000000,0.000000,6111.250000,0.000000,1.200000,0.100000,138.709500,11.580500,222.801737,19.250814,2
225.0,94.000000,1.414214,6111.250000,0.000000,1.133333,0.188562,134.593333,10.541165,215.581580,17.388105,3
225.5,94.333333,0.942809,6111.250000,0.000000,1.200000,0.081650,126.960000,1.028192,203.624973,1.982263,3
226.0,95.000000,0.000000,6111.250000,0.000000,1.100000,0.000000,123.175000,0.000000,196.674268,0.000000,1
226.5,95.000000,0.000000,6111.250000,0.000000,1.166667,0.169967,133.296000,11.046957,212.968104,16.467694,3
227.0,93.000000,2.000000,6111.250000,0.000000,0.950000,0.350000,126.452500,1.269500,202.273036,3.156689,2
227.5,93.333333,1.247219,6111.250000,0.000000,1.100000,0.244949,141.685000,8.363033,227.723806,13.548341,3
228.0,93.666667,1.885618,6111.250000,0.000000,1.033333,0.249444,125.342000,0.923819,200.837731,1.314632,3
228.5,95.000000,0.000000,6111.250000,0.000000,1.000000,0.000000,126.173000,0.000000,202.900773,0.000000,1
229.0,95.000000,0.000000,6111.250000,0.000000,1.066667,0.286744,133.819333,11.413134,213.845739,19.095865,3
229.5,95.000000,0.000000,6111.250000,0.000000,1.150000,0.150000,127.510500,0.853500,205.250282,1.349728,2
230.0,94.000000,1.414214,6111.250000,0.000000,1.400000,0.244949,142.655333,10.733380,228.538928,18.228045,3
230.5,93.666667,1.885618,6111.250000,0.000000,1.233333,0.124722,126.001333,0.638542,202.413197,0.972499,3
231.0,95.000000,0.000000,6111.250000,0.000000,1.000000,0.000000,129.038000,0.000000,207.612954,0.000000,1
231.5,95.000000,0.000000,6111.250000,0.000000,1.166667,0.169967,133.160000,11.159660,213.520563,17.594550,3
232.0,93.000000,2.000000,6111.250000,0.000000,1.150000,0.150000,127.029000,1.200000,203.222184,2.631005,2
232.5,93.666667,1.885618,6111.250000,0.000000,1.133333,0.124722,133.778333,9.954460,214.427901,16.518230,3
233.0,94.000000,1.414214,6111.250000,0.000000,1.066667,0.249444,133.006333,9.312287,213.516559,14.637633,3
233.5,91.000000,0.000000,6111.250000,0.000000,1.000000,0.000000,127.398000,0.000000,202.395283,0.000000,1
234.0,95.000000,0.000000,6111.250000,0.000000,1.566667,0.601849,126.117333,0.559875,202.635393,0.869037,3
234.5,95.000000,0.000000,6111.250000,0.000000,1.250000,0.150000,135.297000,11.773000,216.334193,18.505765,2
235.0,94.666667,0.471405,6111.250000,0.000000,1.333333,0.205480,135.433000,11.373059,216.529761,18.118421,3
235.5,93.666667,1.885618,6111.250000,0.000000,1.200000,0.163299,132.739333,10.248854,212.917664,16.366477,3
236.0,95.000000,0.000000,6111.250000,0.000000,1.300000,0.000000,126.402000,0.000000,202.982323,0.000000,1
236.5,94.666667,0.471405,6111.250000,0.000000,1.166667,0.124722,134.929000,9.520321,216.164612,15.571590,3
237.0,93.000000,2.000000,6111.250000,0.000000,1.250000,0.150000,127.412500,3.135500,204.950855,5.393245,2
237.5,93.666667,1.885618,6111.250000,0.000000,1.233333,0.169967,133.981667,11.443932,215.112691,18.691731,3
238.0,94.000000,1.414214,6111.250000,0.000000,1.200000,0.141421,133.230000,9.562243,212.613186,14.332188,3
238.5,91.000000,0.000000,6111.250000,0.000000,1.400000,0.000000,127.936000,0.000000,204.037434,0.000000,1
239.0,95.000000,0.000000,6111.250000,0.000000,1.166667,0.094281,126.582333,0.731426,202.271899,0.805824,3
239.5,95.000000,0.000000,6111.250000,0.000000,1.200000,0.100000,136.016500,12.045500,218.269293,19.543156,2
240.0,95.000000,0.000000,6111.250000,0.000000,1.200000,0.141421,134.054333,11.030929,215.379892,17.828539,3
240.5,94.000000,1.414214,6111.250000,0.000000,1.133333,0.124722,133.696667,9.363917,214.078936,15.836928,3
241.0,95.000000,0.000000,6111.250000,0.000000,1.500000,0.000000,126.120000,0.000000,202.936838,0.000000,1
241.5,93.666667,1.885618,6111.250000,0.000000,1.266667,0.124722,126.079667,0.939356,201.807083,2.562510,3
242.0,93.500000,1.500000,6111.250000,0.000000,1.150000,0.150000,136.362500,11.016500,217.618207,18.239144,2
242.5,93.666667,1.885618,6111.250000,0.000000,1.233333,0.169967,126.169667,0.719302,202.495306,1.306402,3
243.0,94.000000,1.414214,6111.250000,0.000000,1.266667,0.205480,140.223667,9.672289,223.786516,15.879330,3
243.5,91.000000,0.000000,6111.250000,0.000000,1.300000,0.000000,126.777000,0.000000,203.671589,0.000000,1
244.0,95.333333,0.471405,6111.250000,0.000000,1.233333,0.169967,126.812000,0.928134,202.354607,1.877281,3
244.5,95.000000,0.000000,6111.250000,0.000000,1.200000,0.100000,136.354000,9.596000,218.809353,15.155546,2
245.0,95.000000,0.000000,6111.250000,0.000000,1.233333,0.169967,126.471000,0.766478,202.631751,0.697788,3
245.5,94.000000,1.414214,6111.250000,0.000000,1.233333,0.094281,140.856333,10.372224,225.640307,16.229795,3
246.0,95.000000,0.000000,6111.250000,0.000000,1.500000,0.000000,127.759000,0.000000,203.564668,0.000000,1
246.5,93.666667,1.885618,6111.250000,0.000000,1.233333,0.169967,126.675333,1.423325,201.779712,1.842205,3
247.0,93.000000,2.000000,6111.250000,0.000000,1.150000,0.150000,135.059500,9.384500,215.687959,14.361037,2
247.5,93.666667,1.885618,6111.250000,0.000000,1.233333,0.169967,134.620000,10.729432,215.550255,16.641413,3
248.0,94.000000,1.414214,6111.250000,0.000000,1.233333,0.169967,132.946667,11.651482,212.456536,19.085140,3
248.5,91.000000,0.000000,6111.250000,0.000000,1.400000,0.000000,126.635000,0.000000,203.559652,0.000000,1
249.0,95.000000,0.000000,6111.250000,0.000000,1.300000,0.216025,134.691333,9.538735,215.912141,15.458858,3
249.5,95.000000,0.000000,6111.250000,0.000000,1.200000,0.100000,125.928000,1.709000,200.694485,2.852047,2
250.0,94.000000,1.414214,6111.250000,0.000000,1.233333,0.094281,133.878667,11.223181,213.457295,18.299660,3
250.5,93.666667,1.885618,6111.250000,0.000000,1.266667,0.124722,133.754333,9.789169,214.685728,15.995317,3
251.0,95.000000,0.000000,6111.250000,0.000000,1.300000,0.000000,126.105000,0.000000,202.388401,0.000000,1
251.5,95.000000,0.000000,6111.250000,0.000000,1.200000,0.141421,126.461667,0.325282,202.728223,0.604013,3
252.0,93.000000,2.000000,6111.250000,0.000000,1.150000,0.150000,136.370000,11.796000,218.385972,19.646978,2
252.5,93.666667,1.885618,6111.250000,0.000000,1.300000,0.216025,132.194667,11.817523,211.803082,18.720345,3
253.0,94.666667,0.471405,6111.250000,0.000000,1.366667,0.047140,134.782667,11.346681,215.211729,17.858979,3
253.5,91.000000,0.000000,6111.250000,0.000000,1.300000,0.000000,125.152000,0.000000,200.435205,0.000000,1
254.0,95.000000,0.000000,6111.250000,0.000000,1.666667,0.518545,126.850667,0.175563,202.515692,0.754962,3
254.5,95.000000,0.000000,6111.250000,0.000000,1.300000,0.000000,137.385500,10.458500,220.180035,17.027950,2
255.0,94.000000,1.414214,6111.250000,0.000000,1.366667,0.047140,132.521333,10.579025,209.235852,18.986465,3
255.5,93.666667,1.885618,6111.250000,0.000000,1.266667,0.169967,134.899000,10.858135,215.910587,18.093912,3
256.0,95.000000,0.000000,6111.250000,0.000000,1.600000,0.000000,125.662000,0.000000,201.691213,0.000000,1
256.5,94.000000,1.414214,6111.250000,0.000000,1.333333,0.047140,135.431667,10.621084,217.379950,17.002321,3
257.0,93.000000,2.000000,6111.250000,0.000000,1.300000,0.000000,137.407500,11.043500,217.995016,14.744083,2
257.5,95.000000,0.000000,6111.250000,0.000000,1.300000,0.081650,126.457000,2.767224,202.934418,4.865053,3
258.0,94.333333,0.942809,6111.250000,0.000000,1.300000,0.081650,134.128333,10.606831,214.076209,16.664667,3
258.5,91.000000,0.000000,6111.250000,0.000000,1.500000,0.000000,124.955000,0.000000,200.620710,0.000000,1
259.0,94.666667,0.471405,6111.250000,0.000000,1.233333,0.169967,133.477333,10.339633,213.412293,15.925555,3
259.5,93.500000,1.500000,6111.250000,0.000000,1.200000,0.100000,137.942500,11.857500,220.514952,18.845871,2
260.0,93.666667,1.885618,6111.250000,0.000000,1.333333,0.047140,126.086000,0.616470,202.077450,0.491867,3
260.5,95.000000,0.000000,6111.250000,0.000000,1.333333,0.047140,133.261000,11.571057,213.342405,19.162874,3
261.0,95.000000,0.000000,6111.250000,0.000000,1.300000,0.000000,128.197000,0.000000,205.628046,0.000000,1
261.5,94.666667,0.471405,6111.250000,0.000000,1.400000,0.081650,142.419333,9.925491,226.702716,16.002107,3
262.0,93.000000,2.000000,6111.250000,0.000000,1.400000,0.100000,125.633500,0.312500,200.682429,0.535085,2
262.5,94.666667,0.471405,6111.250000,0.000000,1.366667,0.047140,127.433000,1.887396,204.367184,3.283021,3
263.0,95.000000,0.000000,6111.250000,0.000000,1.300000,0.000000,124.906667,1.384933,200.124182,3.066727,3
263.5,92.000000,0.000000,6111.250000,0.000000,1.300000,0.000000,148.419000,0.000000,238.825083,0.000000,1
264.0,92.666667,1.699673,6111.250000,0.000000,1.366667,0.047140,141.348000,11.083543,226.442778,17.914320,3
264.5,93.000000,2.000000,6111.250000,0.000000,1.300000,0.000000,126.728500,0.090500,202.361341,0.042984,2
265.0,95.000000,0.000000,6111.250000,0.000000,1.466667,0.047140,125.639000,1.191661,199.870779,2.030761,3
265.5,95.000000,0.000000,6111.250000,0.000000,1.333333,0.047140,133.514000,11.053041,214.273302,17.260463,3
266.0,95.000000,0.000000,6111.250000,0.000000,1.300000,0.000000,147.253000,0.000000,235.824812,0.000000,1
266.5,95.000000,0.000000,6111.250000,0.000000,1.333333,0.047140,134.698000,10.236888,215.705633,16.424850,3
267.0,93.000000,2.000000,6111.250000,0.000000,1.300000,0.000000,128.724000,0.365000,206.074085,0.335273,2
267.5,93.666667,1.885618,6111.250000,0.000000,1.300000,0.000000,126.420667,1.275783,202.153474,2.071936,3
268.0,95.000000,0.000000,6111.250000,0.000000,1.466667,0.047140,134.014000,11.593635,214.594275,18.470227,3
268.5,92.000000,0.000000,6111.250000,0.000000,1.400000,0.000000,149.714000,0.000000,240.504231,0.000000,1
269.0,92.666667,1.699673,6111.250000,0.000000,1.333333,0.047140,126.154333,0.271112,201.726055,0.955706,3
269.5,95.000000,0.000000,6111.250000,0.000000,1.350000,0.050000,138.266500,9.862500,221.108650,15.760516,2
270.0,94.666667,0.471405,6111.250000,0.000000,1.300000,0.000000,126.489000,1.530091,201.393412,2.282664,3
270.5,95.000000,0.000000,6111.250000,0.000000,1.400000,0.081650,133.061333,12.695366,212.679693,19.724866,3
271.0,95.000000,0.000000,6111.250000,0.000000,1.300000,0.000000,150.819000,0.000000,241.109656,0.000000,1
271.5,94.333333,0.942809,6111.250000,0.000000,1.433333,0.094281,133.638667,11.134737,213.394274,16.968260,3
272.0,93.000000,2.000000,6111.250000,0.000000,1.350000,0.050000,125.486500,1.372500,199.976104,1.983259,2
272.5,95.000000,0.000000,6111.250000,0.000000,1.300000,0.000000,125.819000,0.535510,201.053842,1.399869,3
273.0,94.000000,1.414214,6111.250000,0.000000,1.333333,0.047140,133.021333,11.517315,212.932411,18.507646,3
273.5,95.000000,0.000000,6111.250000,0.000000,1.300000,0.000000,150.925000,0.000000,241.507669,0.000000,1
274.0,92.666667,1.699673,6111.250000,0.000000,1.400000,0.081650,133.545333,11.486261,213.483151,18.786416,3
274.5,95.000000,0.000000,6111.250000,0.000000,1.400000,0.000000,126.827500,0.501500,203.197024,0.408528,2
275.0,94.333333,0.942809,6111.250000,0.000000,1.266667,0.124722,134.270333,9.860737,215.227387,15.291609,3
275.5,95.000000,0.000000,6111.250000,0.000000,1.400000,0.081650,127.012000,2.601786,203.114378,4.535465,3
276.0,95.000000,0.000000,6111.250000,0.000000,1.300000,0.000000,150.836000,0.000000,241.402479,0.000000,1
276.5,94.000000,1.414214,6111.250000,0.000000,1.366667,0.047140,133.849333,10.174973,213.337594,17.873317,3
277.0,93.000000,2.000000,6111.250000,0.000000,1.350000,0.050000,124.894500,1.468500,199.307821,2.565677,2
277.5,95.000000,0.000000,6111.250000,0.000000,1.400000,0.081650,133.284667,9.564186,212.747155,14.756659,3
278.0,93.666667,1.885618,6111.250000,0.000000,1.366667,0.094281,124.420333,0.402686,197.945824,1.126027,3
278.5,92.000000,0.000000,6111.250000,0.000000,1.300000,0.000000,149.472000,0.000000,240.165146,0.000000,1
279.0,93.666667,1.885618,6111.250000,0.000000,1.333333,0.047140,133.142667,11.341338,213.285873,18.542754,3
279.5,95.000000,0.000000,6111.250000,0.000000,1.300000,0.000000,125.397500,0.045500,199.666242,0.758209,2
280.0,95.000000,0.000000,6111.250000,0.000000,1.333333,0.047140,133.831333,9.291149,214.608212,14.467513,3
280.5,95.000000,0.000000,6111.250000,0.000000,1.400000,0.081650,124.817667,1.223129,199.602626,1.710609,3
281.0,95.000000,0.000000,6111.250000,0.000000,1.400000,0.000000,148.310000,0.000000,235.817055,0.000000,1
281.5,93.666667,1.885618,6111.250000,0.000000,1.333333,0.094281,134.251667,11.082652,215.728522,17.919383,3
282.0,93.000000,2.000000,6111.250000,0.000000,1.300000,0.000000,126.363000,1.067000,199.939657,0.022354,2
282.5,93.666667,1.247219,6111.250000,0.000000,1.333333,0.047140,134.958667,9.478039,216.266041,15.016317,3
283.0,93.333333,1.699673,6111.250000,0.000000,1.333333,0.047140,132.728000,10.787356,212.079676,17.824088,3
283.5,93.000000,0.000000,6111.250000,0.000000,1.300000,0.000000,149.327000,0.000000,237.542054,0.000000,1
284.0,94.000000,1.414214,6111.250000,0.000000,1.433333,0.094281,127.067000,0.645134,203.243287,1.994320,3
284.5,95.000000,0.000000,6111.250000,0.000000,1.350000,0.050000,139.901000,7.836000,223.810147,11.940038,2
285.0,94.666667,0.471405,6111.250000,0.000000,1.300000,0.000000,126.681000,3.189428,203.356465,4.862915,3
285.5,95.000000,0.000000,6111.250000,0.000000,1.333333,0.047140,134.531000,10.755395,214.965251,17.975653,3
286.0,95.000000,0.000000,6111.250000,0.000000,1.300000,0.000000,148.900000,0.000000,235.724609,0.000000,1
286.5,93.666667,1.885618,6111.250000,0.000000,1.300000,0.000000,126.500000,1.327231,202.885675,2.441752,3
287.0,92.500000,1.500000,6111.250000,0.000000,1.400000,0.000000,139.356000,11.238000,221.693576,17.237332,2
287.5,93.666667,1.885618,6111.250000,0.000000,1.400000,0.081650,125.231667,1.094682,199.190656,3.463071,3
288.0,95.000000,0.000000,6111.250000,0.000000,1.300000,0.000000,126.499000,0.174000,203.200113,0.500505,2
288.5,93.500000,1.500000,6111.250000,0.000000,1.350000,0.050000,138.556500,10.627500,221.931828,17.675828,2
289.0,93.666667,1.885618,6111.250000,0.000000,1.300000,0.000000,132.731000,9.184653,212.259263,14.727191,3
289.5,95.000000,0.000000,6111.250000,0.000000,1.400000,0.000000,138.528000,11.547000,221.740412,18.528883,2
290.0,95.000000,0.000000,6111.250000,0.000000,1.366667,0.094281,127.197000,0.630030,204.244589,1.266582,3
290.5,95.000000,0.000000,6111.250000,0.000000,1.300000,0.200000,136.922500,12.901500,218.664372,19.426412,2
291.0,95.000000,0.000000,6111.250000,0.000000,1.550000,0.250000,137.744500,10.266500,220.762214,16.045629,2
291.5,93.666667,1.885618,6111.250000,0.000000,1.333333,0.205480,131.684000,9.153985,206.986822,11.326463,3
292.0,93.000000,2.000000,6111.250000,0.000000,1.350000,0.050000,126.998500,0.826500,203.147661,1.176372,2
292.5,95.000000,0.000000,6111.250000,0.000000,1.333333,0.047140,126.655000,1.959925,202.306749,4.163064,3
293.0,95.000000,0.000000,6111.250000,0.000000,1.350000,0.050000,136.910500,12.000500,219.471097,18.843888,2
293.5,95.000000,0.000000,6111.250000,0.000000,1.300000,0.000000,147.806000,1.156000,232.186773,6.208072,2
294.0,94.000000,1.414214,6111.250000,0.000000,1.466667,0.047140,126.261333,1.310044,201.067345,0.809385,3
294.5,95.000000,0.000000,6111.250000,0.000000,1.300000,0.000000,127.559500,0.964500,204.669062,2.845697,2
295.0,93.666667,1.885618,6111.250000,0.000000,1.333333,0.047140,126.737333,2.791636,203.504196,4.817131,3
295.5,93.500000,1.500000,6111.250000,0.000000,1.300000,0.000000,137.219000,11.239000,219.300877,17.174803,2
296.0,93.500000,1.500000,6111.250000,0.000000,1.300000,0.000000,137.174500,10.280500,219.679291,15.638889,2
296.5,93.666667,1.885618,6111.250000,0.000000,1.366667,0.047140,132.839667,10.046525,211.593888,17.785398,3
297.0,95.000000,0.000000,6111.250000,0.000000,1.400000,0.000000,126.839500,1.954500,202.592239,4.079731,2
297.5,95.000000,0.000000,6111.250000,0.000000,1.333333,0.094281,133.503000,11.295187,214.465755,17.931781,3
298.0,95.000000,0.000000,6111.250000,0.000000,1.400000,0.100000,137.283500,11.511500,219.755117,18.713998,2
298.5,95.000000,0.000000,6111.250000,0.000000,1.300000,0.000000,126.325500,1.329500,200.270087,0.029725,2
299.0,94.000000,1.414214,6111.250000,0.000000,1.333333,0.047140,133.118667,11.499975,212.586573,19.705910,3
299.5,93.500000,1.500000,6111.250000,0.000000,1.450000,0.150000,139.557000,10.474000,223.209280,16.016152,2
300.0,91.000000,0.000000,6111.250000,0.000000,1.300000,0.000000,125.247000,0.000000,201.075891,0.000000,1
